,Company,Review Date,Cocoa Percent,Company Location,Rating,Broad Origin
0,A. Morin,2016,63%,France,3.75,Sao Tome
1,A. Morin,2015,70%,France,2.75,Togo
2,A. Morin,2015,70%,France,3.0,Togo
3,A. Morin,2015,70%,France,3.5,Togo
4,A. Morin,2015,70%,France,3.5,Peru
5,A. Morin,2014,70%,France,2.75,Venezuela
6,A. Morin,2014,70%,France,3.5,Cuba
7,A. Morin,2014,70%,France,3.5,Venezuela
8,A. Morin,2014,70%,France,3.75,Venezuela
9,A. Morin,2014,70%,France,4.0,Peru
10,A. Morin,2013,70%,France,2.75,Panama
11,A. Morin,2013,70%,France,3.0,Madagascar
12,A. Morin,2013,70%,France,3.25,Brazil
13,A. Morin,2013,70%,France,3.75,Ecuador
14,A. Morin,2013,70%,France,2.75,Colombia
15,A. Morin,2013,70%,France,3.0,Burma
16,A. Morin,2013,70%,France,3.25,Papua New Guinea
17,A. Morin,2013,70%,France,4.0,Venezuela
18,A. Morin,2013,70%,France,3.25,Peru
19,A. Morin,2013,70%,France,3.5,Peru
20,A. Morin,2013,63%,France,4.0,Peru
21,A. Morin,2012,70%,France,3.5,Bolivia
22,A. Morin,2012,63%,France,3.75,Peru
23,Acalli,2015,70%,U.S.A.,3.75,Peru
24,Acalli,2015,70%,U.S.A.,3.75,Peru
25,Adi,2011,60%,Fiji,2.75,Fiji
26,Adi,2011,80%,Fiji,3.25,Fiji
27,Adi,2011,88%,Fiji,3.5,Fiji
28,Adi,2011,72%,Fiji,3.5,Fiji
29,Aequare (Gianduja),2009,55%,Ecuador,2.75,Ecuador
30,Aequare (Gianduja),2009,70%,Ecuador,3.0,Ecuador
31,Ah Cacao,2009,70%,Mexico,3.0,Mexico
32,Akesson's (Pralus),2011,75%,Switzerland,3.75,Indonesia
33,Akesson's (Pralus),2010,75%,Switzerland,2.75,Madagascar
34,Akesson's (Pralus),2010,75%,Switzerland,2.75,Brazil
35,Alain Ducasse,2014,65%,France,2.75,Trinidad
36,Alain Ducasse,2014,75%,France,2.75,Vietnam
37,Alain Ducasse,2014,75%,France,3.0,Madagascar
38,Alain Ducasse,2013,75%,France,2.5,Venezuela
39,Alain Ducasse,2013,75%,France,2.5,Peru
40,Alexandre,2017,70%,Netherlands,3.5,Ecuador
41,Alexandre,2017,70%,Netherlands,3.5,Nicaragua
42,Alexandre,2017,70%,Netherlands,3.5,Vietnam
43,Alexandre,2017,70%,Netherlands,3.5,Tanzania
44,Altus aka Cao Artisan,2016,60%,U.S.A.,2.75,Nicaragua
45,Altus aka Cao Artisan,2016,60%,U.S.A.,3.0,Peru
46,Altus aka Cao Artisan,2016,60%,U.S.A.,2.5,Bolivia
47,Altus aka Cao Artisan,2016,60%,U.S.A.,2.5,Peru
48,Altus aka Cao Artisan,2016,60%,U.S.A.,2.75,Ecuador
49,Altus aka Cao Artisan,2013,60%,U.S.A.,2.5,Venezuela
50,Altus aka Cao Artisan,2013,60%,U.S.A.,3.0,Dominican Republic
51,Altus aka Cao Artisan,2013,80%,U.S.A.,3.25,Bolivia
52,Altus aka Cao Artisan,2013,60%,U.S.A.,3.0,Bolivia
53,Altus aka Cao Artisan,2013,60%,U.S.A.,3.25,Peru
54,Amano,2011,70%,U.S.A.,4.0,Papua New Guinea
55,Amano,2010,70%,U.S.A.,3.75,Dominican Republic
56,Amano,2010,70%,U.S.A.,4.0,Ecuador
57,Amano,2010,70%,U.S.A.,3.0,Venezuela
58,Amano,2009,70%,U.S.A.,3.0,Venezuela
59,Amano,2008,70%,U.S.A.,2.75,Indonesia
60,Amano,2007,70%,U.S.A.,3.5,Madagascar
61,Amano,2007,70%,U.S.A.,3.0,Venezuela
62,Amano,2007,70%,U.S.A.,3.75,Venezuela
63,Amatller (Simon Coll),2009,70%,Spain,3.0,Ghana
64,Amatller (Simon Coll),2009,70%,Spain,2.75,Ecuador
65,Amatller (Simon Coll),2009,85%,Spain,2.75,Ecuador
66,Amatller (Simon Coll),2009,85%,Spain,3.0,Ghana
67,Amazona,2013,72%,Peru,3.25,Peru
68,Amazona,2013,73%,Peru,3.5,Peru
69,Ambrosia,2015,64%,Canada,3.0,Belize
70,Ambrosia,2015,66%,Canada,3.25,Madagascar
71,Ambrosia,2015,75%,Canada,3.25,Dominican Republic
72,Ambrosia,2015,63%,Canada,3.25,Papua New Guinea
73,Ambrosia,2015,70%,Canada,3.25,Venezuela
74,Ambrosia,2015,68%,Canada,3.5,Peru
75,Amedei,2012,70%,Italy,3.75,Peru
76,Amedei,2007,70%,Italy,4.0,Venezuela
77,Amedei,2007,75%,Italy,4.0, 
78,Amedei,2007,70%,Italy,5.0,Venezuela
79,Amedei,2007,70%,Italy,3.0,Ecuador
80,Amedei,2007,70%,Italy,3.0,Jamaica
81,Amedei,2007,70%,Italy,3.5,Grenada
82,Amedei,2007,70%,Italy,3.75,Venezuela
83,Amedei,2007,70%,Italy,4.0,Madagascar
84,Amedei,2007,70%,Italy,3.5,Trinidad
85,Amedei,2007,63%,Italy,3.5, 
86,Amedei,2006,70%,Italy,5.0, 
87,Amedei,2006,66%,Italy,4.0, 
88,AMMA,2013,75%,Brazil,3.25,Brazil
89,AMMA,2010,85%,Brazil,2.75,Brazil
90,AMMA,2010,50%,Brazil,3.75,Brazil
91,AMMA,2010,75%,Brazil,3.75,Brazil
92,AMMA,2010,60%,Brazil,4.0,Brazil
93,Anahata,2014,75%,U.S.A.,3.0,Dominican Republic
94,Animas,2016,75%,U.S.A.,3.5,Bolivia
95,Ara,2014,75%,France,3.0,Madagascar
96,Ara,2014,72%,France,2.5,Mexico
97,Ara,2014,75%,France,2.75,Ecuador
98,Ara,2014,75%,France,3.0,Venezuela
99,Arete,2016,70%,U.S.A.,3.5,Trinidad
100,Arete,2016,70%,U.S.A.,3.75,Tanzania
101,Arete,2016,73%,U.S.A.,3.5,Vietnam
102,Arete,2016,70%,U.S.A.,3.25,Ecuador
103,Arete,2016,70%,U.S.A.,3.25,Ecuador
104,Arete,2016,70%,U.S.A.,3.5,Guatemala
105,Arete,2016,70%,U.S.A.,3.75,Nicaragua
106,Arete,2016,70%,U.S.A.,3.5,Honduras
107,Arete,2016,70%,U.S.A.,4.0,Costa Rica
108,Arete,2016,70%,U.S.A.,4.0,Peru
109,Arete,2016,70%,U.S.A.,3.75,Dominican Republic
110,Arete,2016,70%,U.S.A.,3.25,Fiji
111,Arete,2016,73%,U.S.A.,3.25,Vietnam
112,Arete,2015,70%,U.S.A.,3.5,Brazil
113,Arete,2015,68%,U.S.A.,3.5,Peru
114,Arete,2015,70%,U.S.A.,3.75,Ecuador
115,Arete,2015,70%,U.S.A.,3.5,Domincan Republic
116,Arete,2015,70%,U.S.A.,3.75,Belize
117,Arete,2015,70%,U.S.A.,4.0,Nicaragua
118,Arete,2015,75%,U.S.A.,2.75,Brazil
119,Arete,2015,70%,U.S.A.,3.25,Guatemala
120,Arete,2015,75%,U.S.A.,3.5,Ecuador
121,Artisan du Chocolat,2013,72%,U.K.,3.25,Trinidad
122,Artisan du Chocolat,2012,72%,U.K.,3.75,Colombia
123,Artisan du Chocolat,2011,72%,U.K.,4.0,Haiti
124,Artisan du Chocolat,2011,72%,U.K.,2.75,Panama
125,Artisan du Chocolat,2010,100%,U.K.,1.75,Venezuela
126,Artisan du Chocolat,2010,72%,U.K.,3.75,Jamaica
127,Artisan du Chocolat,2010,72%,U.K.,3.25,Costa Rica
128,Artisan du Chocolat,2010,72%,U.K.,3.25,Vietnam
129,Artisan du Chocolat,2010,72%,U.K.,3.5,Indonesia
130,Artisan du Chocolat,2009,75%,U.K.,2.5,Venezuela
131,Artisan du Chocolat,2009,72%,U.K.,2.75,Indonesia
132,Artisan du Chocolat,2009,72%,U.K.,1.75,Brazil
133,Artisan du Chocolat,2009,80%,U.K.,3.0,Madagascar
134,Artisan du Chocolat,2009,75%,U.K.,3.0,Peru
135,Artisan du Chocolat,2009,72%,U.K.,3.25,Dominican Republic
136,Artisan du Chocolat,2008,72%,U.K.,3.75,Congo
137,Artisan du Chocolat (Casa Luker),2013,72%,U.K.,2.75,Colombia
138,Askinosie,2016,68%,U.S.A.,3.75,Tanzania
139,Askinosie,2011,72%,U.S.A.,3.75,Tanzania
140,Askinosie,2011,70%,U.S.A.,3.75,Honduras
141,Askinosie,2009,77%,U.S.A.,3.75,Philippines
142,Askinosie,2007,75%,U.S.A.,2.5,Mexico
143,Askinosie,2007,70%,U.S.A.,3.0,Ecuador
144,Bahen & Co.,2015,80%,Australia,3.25, 
145,Bahen & Co.,2015,70%,Australia,3.5,Papua New Guinea
146,Bahen & Co.,2012,70%,Australia,3.0,Madagascar
147,Bahen & Co.,2012,70%,Australia,2.5,Brazil
148,Bahen & Co.,2012,70%,Australia,2.5, 
149,Bakau,2015,70%,Peru,2.75,Peru
150,Bakau,2015,70%,Peru,3.5,Peru
151,Bar Au Chocolat,2015,70%,U.S.A.,3.5,Brazil
152,Bar Au Chocolat,2014,70%,U.S.A.,4.0,Peru
153,Bar Au Chocolat,2012,70%,U.S.A.,3.25,Dominican Republic
154,Bar Au Chocolat,2012,70%,U.S.A.,3.5,Mexico
155,Bar Au Chocolat,2012,70%,U.S.A.,3.75,Madagascar
156,Baravelli's,2012,80%,Wales,2.75,Costa Rica
157,Batch,2016,65%,U.S.A.,3.5,Domincan Republic
158,Batch,2016,70%,U.S.A.,3.75,Brazil
159,Batch,2016,65%,U.S.A.,3.25,Ecuador
160,Beau Cacao,2017,73%,U.K.,3.0,Malaysia
161,Beau Cacao,2017,72%,U.K.,3.25,Malaysia
162,Beehive,2016,80%,U.S.A.,2.75,Brazil
163,Beehive,2016,70%,U.S.A.,2.75,Domincan Republic
164,Beehive,2016,70%,U.S.A.,2.75,Ecuador
165,Beehive,2016,90%,U.S.A.,2.75,Ecuador
166,Belcolade,2010,64%,Belgium,2.75,Costa Rica
167,Belcolade,2010,64%,Belgium,2.75,Papua New Guinea
168,Belcolade,2010,64%,Belgium,2.75,Peru
169,Belcolade,2010,71%,Belgium,3.5,Ecuador
170,Bellflower,2016,70%,U.S.A.,3.5,Tanzania
171,Bellflower,2016,70%,U.S.A.,3.25,Bolivia
172,Bellflower,2016,70%,U.S.A.,3.5,Domincan Republic
173,Belyzium,2016,83%,Germany,2.75,Belize
174,Belyzium,2016,78%,Germany,3.0,Belize
175,Belyzium,2016,83%,Germany,3.5,Belize
176,Benoit Nihant,2013,74%,Belgium,3.5,Cuba
177,Benoit Nihant,2013,74%,Belgium,3.5,Venezuela
178,Benoit Nihant,2013,74%,Belgium,3.5,Venezuela
179,Benoit Nihant,2013,73%,Belgium,4.0,Ecuador
180,Benoit Nihant,2011,72%,Belgium,4.0,Indonesia
181,Benoit Nihant,2011,72%,Belgium,3.75,Madagascar
182,Bernachon,2012,55%,France,2.75, 
183,Beschle (Felchlin),2011,64%,Switzerland,3.0,Madagascar
184,Beschle (Felchlin),2011,88%,Switzerland,3.0,Venezuela
185,Beschle (Felchlin),2011,72%,Switzerland,3.5,Venezuela
186,Beschle (Felchlin),2011,72%,Switzerland,4.0,Ecuador
187,Beschle (Felchlin),2010,70%,Switzerland,3.25,Venezuela
188,Beschle (Felchlin),2010,74%,Switzerland,3.25,Venezuela
189,Beschle (Felchlin),2010,64%,Switzerland,3.5,Indonesia
190,Beschle (Felchlin),2010,72%,Switzerland,3.5,Venezuela
191,Bisou,2015,76%,U.S.A.,2.5,Nicaragua
192,Bisou,2015,76%,U.S.A.,2.5,Costa Rica
193,Bisou,2015,78%,U.S.A.,2.5,Costa Rica
194,Bisou,2015,86%,U.S.A.,3.25,Belize
195,Bittersweet Origins,2012,72%,U.S.A.,3.5,Ghana
196,Bittersweet Origins,2010,75%,U.S.A.,3.25,Indonesia
197,Bittersweet Origins,2010,70%,U.S.A.,3.75,"Dominican Rep., Bali"
198,Bittersweet Origins,2010,65%,U.S.A.,2.75,Indonesia
199,Bittersweet Origins,2010,70%,U.S.A.,3.0,Madagascar
200,Bittersweet Origins,2010,78%,U.S.A.,3.0,Venezuela
201,Bittersweet Origins,2009,75%,U.S.A.,3.0,Dominican Republic
202,Bittersweet Origins,2009,65%,U.S.A.,3.5,Dominican Republic
203,Bittersweet Origins,2009,75%,U.S.A.,3.25,Madagascar
204,Bittersweet Origins,2009,65%,U.S.A.,3.5,Madagascar
205,Bittersweet Origins,2008,71%,U.S.A.,3.0,Madagascar
206,Bittersweet Origins,2008,75%,U.S.A.,3.5,Panama
207,Bittersweet Origins,2008,68%,U.S.A.,3.75,Dominican Republic
208,Bittersweet Origins,2008,70%,U.S.A.,3.0,Ghana
209,Black Mountain,2008,70%,U.S.A.,2.75,Dominican Republic
210,Black Mountain,2008,70%,U.S.A.,2.75,Venezuela
211,Black Mountain,2008,70%,U.S.A.,3.0,Nicaragua
212,Black River (A. Morin),2014,70%,U.K.,2.75,Jamaica
213,Blanxart,2013,82%,Spain,3.5,Congo
214,Blanxart,2009,72%,Spain,2.75, 
215,Blue Bandana,2016,82%,U.S.A.,3.5,Madagascar
216,Blue Bandana,2016,75%,U.S.A.,2.75,Guatemala
217,Blue Bandana,2016,75%,U.S.A.,3.5,Tanzania
218,Blue Bandana,2016,75%,U.S.A.,3.0,Dominican Republic
219,Blue Bandana,2012,70%,U.S.A.,3.5,Guatemala
220,Blue Bandana,2012,70%,U.S.A.,3.75,Madagascar
221,Bonnat,2016,75%,France,3.5,Mexico
222,Bonnat,2014,75%,France,4.0,Brazil
223,Bonnat,2014,75%,France,3.25,Dominican Republic
224,Bonnat,2014,65%,France,3.75,"Venez,Africa,Brasil,Peru,Mex"
225,Bonnat,2013,75%,France,3.5,Brazil
226,Bonnat,2013,75%,France,3.25,Gabon
227,Bonnat,2011,75%,France,3.5,Cuba
228,Bonnat,2011,75%,France,3.5,Peru
229,Bonnat,2011,75%,France,3.5,Peru
230,Bonnat,2011,75%,France,3.75,Brazil
231,Bonnat,2011,75%,France,4.0,Haiti
232,Bonnat,2011,75%,France,4.0,Madagascar
233,Bonnat,2011,75%,France,3.5,Brazil
234,Bonnat,2011,75%,France,3.25,Jamaica
235,Bonnat,2009,75%,France,3.0,Ivory Coast
236,Bonnat,2009,75%,France,2.75,Peru
237,Bonnat,2009,75%,France,3.0,Mexico
238,Bonnat,2009,75%,France,3.0,Mexico
239,Bonnat,2008,75%,France,4.0,Venezuela
240,Bonnat,2007,75%,France,2.5,Ecuador
241,Bonnat,2006,75%,France,3.75,Carribean
242,Bonnat,2006,75%,France,4.0,Venezuela
243,Bonnat,2006,75%,France,4.0,Venezuela
244,Bonnat,2006,75%,France,4.0,Madagascar
245,Bonnat,2006,100%,France,1.5, 
246,Bonnat,2006,75%,France,3.0,Sri Lanka
247,Bonnat,2006,75%,France,4.0,Venezuela
248,Bouga Cacao (Tulicorp),2009,77%,Ecuador,3.25,Ecuador
249,Bouga Cacao (Tulicorp),2009,100%,Ecuador,1.5,Ecuador
250,Bowler Man,2014,70%,U.S.A.,2.75,Belize
251,Bowler Man,2014,70%,U.S.A.,2.75,Dominican Republic
252,Brasstown aka It's Chocolate,2016,70%,U.S.A.,3.5,Venezuela
253,Brasstown aka It's Chocolate,2016,70%,U.S.A.,3.75,Nicaragua
254,Brasstown aka It's Chocolate,2015,68%,U.S.A.,3.75,Dominican Republic
255,Brasstown aka It's Chocolate,2014,70%,U.S.A.,3.75,Belize
256,Brasstown aka It's Chocolate,2014,70%,U.S.A.,4.0,Venezuela
257,Brasstown aka It's Chocolate,2013,72%,U.S.A.,3.0,Dominican Republic
258,Brasstown aka It's Chocolate,2013,70%,U.S.A.,3.25,Ecuador
259,Brasstown aka It's Chocolate,2013,75%,U.S.A.,3.5,Ghana
260,Brasstown aka It's Chocolate,2013,85%,U.S.A.,3.5,Venezuela
261,Brazen,2015,60%,U.S.A.,3.0,Dominican Republic
262,Brazen,2015,80%,U.S.A.,3.25,Dominican Republic
263,Brazen,2015,70%,U.S.A.,3.5,Guatemala
264,Brazen,2015,80%,U.S.A.,2.75,Madagascar
265,Brazen,2015,80%,U.S.A.,3.25,Belize
266,Brazen,2015,60%,U.S.A.,3.25,Madagascar
267,Breeze Mill,2013,70%,U.S.A.,3.0,Jamaica
268,Bright,2014,72%,Australia,3.0,Madagascar
269,Bright,2014,70%,Australia,3.5,Dominican Republic
270,Bright,2014,72%,Australia,3.5,Ecuador
271,Bright,2014,68%,Australia,2.75,Trinidad
272,Britarev,2015,70%,Russia,3.25,Ecuador
273,Bronx Grrl Chocolate,2013,68%,U.S.A.,2.75,Dominican Republic
274,Burnt Fork Bend,2014,72%,U.S.A.,3.25,Trinidad
275,Burnt Fork Bend,2014,72%,U.S.A.,3.5,Ecuador
276,Burnt Fork Bend,2014,72%,U.S.A.,3.25,Belize
277,Burnt Fork Bend,2014,72%,U.S.A.,3.25, 
278,Burnt Fork Bend,2014,60%,U.S.A.,2.5,Ecuador
279,Cacao Arabuco,2015,70%,Puerto Rico,2.5,Puerto Rico
280,Cacao Atlanta,2014,75%,U.S.A.,2.5,Peru
281,Cacao Atlanta,2010,75%,U.S.A.,2.5,Dominican Republic
282,Cacao Atlanta,2010,75%,U.S.A.,2.75,Dominican Republic
283,Cacao Atlanta,2010,75%,U.S.A.,2.25,Venezuela
284,Cacao Barry,2016,65%,France,3.5,Haiti
285,Cacao Barry,2010,70%,France,3.0,Dominican Republic
286,Cacao Barry,2008,75%,France,2.0,Tanzania
287,Cacao Barry,2007,72%,France,2.0,Venezuela
288,Cacao Barry,2007,66%,France,3.0,Mexico
289,Cacao de Origen,2015,77%,Venezuela,3.5,Venezuela
290,Cacao de Origen,2015,75%,Venezuela,3.25,Venezuela
291,Cacao de Origen,2014,75%,Venezuela,2.5,Venezuela
292,Cacao de Origen,2014,74%,Venezuela,3.25,Venezuela
293,Cacao de Origen,2014,75%,Venezuela,3.5,Venezuela
294,Cacao de Origen,2014,70%,Venezuela,3.75,Venezuela
295,Cacao de Origin,2015,74%,Venezuela,3.25,Venezuela
296,Cacao Hunters,2016,71%,Colombia,3.75,Colombia
297,Cacao Hunters,2016,74%,Colombia,3.75,Colombia
298,Cacao Hunters,2015,72%,Colombia,3.75,Colombia
299,Cacao Hunters,2014,64%,Colombia,3.5,Colombia
300,Cacao Hunters,2014,70%,Colombia,3.5,Colombia
301,Cacao Hunters,2014,69%,Colombia,2.75,Colombia
302,Cacao Hunters,2014,70%,Colombia,3.25,Colombia
303,Cacao Market,2016,70%,U.S.A.,3.5,Honduras
304,Cacao Prieto,2012,72%,U.S.A.,3.75,Dominican Republic
305,Cacao Prieto,2011,72%,U.S.A.,3.0,Dominican Republic
306,Cacao Prieto,2011,66%,U.S.A.,3.75,Dominican Republic
307,Cacao Prieto,2011,65%,U.S.A.,3.25,Dominican Republic
308,Cacao Sampaka,2016,70%,Spain,3.5,Congo
309,Cacao Sampaka,2010,71%,Spain,3.5,Madagascar
310,Cacao Sampaka,2010,71%,Spain,3.75,Ecuador
311,Cacao Sampaka,2010,71%,Spain,4.0,Papua New Guinea
312,Cacao Sampaka,2010,71%,Spain,3.25,Grenada
313,Cacao Sampaka,2010,71%,Spain,3.5,Venezuela
314,Cacao Sampaka,2010,77%,Spain,3.5,Venezuela
315,Cacao Sampaka,2009,70%,Spain,4.0,Mexico
316,Cacao Sampaka,2009,70%,Spain,4.0,Mexico
317,Cacao Store,2015,70%,Japan,3.0,Madagascar
318,Cacao Store,2015,70%,Japan,3.25,Peru
319,Cacao Store,2015,70%,Japan,3.5,Vietnam
320,Cacaosuyo (Theobroma Inversiones),2013,70%,Peru,3.25,Peru
321,Cacaoyere (Ecuatoriana),2008,63%,Ecuador,3.5,Ecuador
322,Cacaoyere (Ecuatoriana),2008,71%,Ecuador,3.5,Ecuador
323,Cacaoyere (Ecuatoriana),2008,82%,Ecuador,2.5,Ecuador
324,Cacaoyere (Ecuatoriana),2008,91%,Ecuador,1.5,Ecuador
325,Callebaut,2008,60%,Belgium,2.75,Grenada
326,Callebaut,2007,70%,Belgium,1.0,Ecuador
327,C-Amaro,2014,75%,Italy,2.5,Cuba
328,C-Amaro,2014,72%,Italy,3.0,Dominican Republic
329,C-Amaro,2014,70%,Italy,3.5, 
330,C-Amaro,2013,100%,Italy,3.5,Ecuador
331,C-Amaro,2012,80%,Italy,3.0,Venezuela
332,C-Amaro,2011,78%,Italy,2.25,Sao Tome
333,C-Amaro,2011,70%,Italy,2.5,Trinidad
334,Cao,2016,75%,U.S.A.,2.5,Venezuela
335,Cao,2016,73%,U.S.A.,2.75,Tanzania
336,Cao,2016,70%,U.S.A.,3.0,Venezuela
337,Cao,2016,75%,U.S.A.,3.0,Bolivia
338,Cao,2016,70%,U.S.A.,3.25,Brazil
339,Caoni (Tulicorp),2008,77%,Ecuador,2.0,Ecuador
340,Caoni (Tulicorp),2008,77%,Ecuador,2.5,Ecuador
341,Caoni (Tulicorp),2008,77%,Ecuador,2.75,Ecuador
342,Caoni (Tulicorp),2008,55%,Ecuador,3.0,Ecuador
343,Caoni (Tulicorp),2008,55%,Ecuador,3.25,Ecuador
344,Caoni (Tulicorp),2008,55%,Ecuador,3.5,Ecuador
345,Captain Pembleton,2014,70%,New Zealand,3.5,Papua New Guinea
346,Captain Pembleton,2014,70%,New Zealand,3.75,Papua New Guinea
347,Caribeans,2015,72%,Costa Rica,3.5,Guatemala
348,Caribeans,2015,72%,Costa Rica,3.25,Costa Rica
349,Caribeans,2015,72%,Costa Rica,3.5,Costa Rica
350,Caribeans,2012,72%,Costa Rica,3.0,Costa Rica
351,Caribeans,2012,80%,Costa Rica,2.75,Costa Rica
352,Carlotta Chocolat,2016,65%,Colombia,3.0,Colombia
353,Carlotta Chocolat,2016,65%,Colombia,3.25,Colombia
354,Carlotta Chocolat,2016,65%,Colombia,3.25,Colombia
355,Carlotta Chocolat,2016,65%,Colombia,3.5,Colombia
356,Carlotta Chocolat,2016,65%,Colombia,3.5,Colombia
357,Castronovo,2016,72%,U.S.A.,4.0,Belize
358,Castronovo,2015,72%,U.S.A.,3.5,Honduras
359,Castronovo,2015,70%,U.S.A.,3.75,Domincan Republic
360,Castronovo,2015,72%,U.S.A.,3.5,Venezuela
361,Castronovo,2014,72%,U.S.A.,3.5,Colombia
362,Castronovo,2014,76%,U.S.A.,3.5,Colombia
363,Castronovo,2014,70%,U.S.A.,2.75,Dominican Republic
364,Castronovo,2013,70%,U.S.A.,3.0,Bolivia
365,Castronovo,2013,73%,U.S.A.,3.5,Dominican Republic
366,Castronovo,2013,70%,U.S.A.,2.5,Peru
367,Castronovo,2013,70%,U.S.A.,3.25,Venezuela
368,Castronovo,2013,72%,U.S.A.,3.25,Nicaragua
369,Castronovo,2013,70%,U.S.A.,2.75,Peru
370,Castronovo,2013,72%,U.S.A.,3.0,Venezuela
371,Cello,2014,70%,U.S.A.,2.5,Ecuador
372,Cello,2014,70%,U.S.A.,2.75,Peru
373,Cello,2014,70%,U.S.A.,2.75,Venezuela
374,Cello,2014,70%,U.S.A.,3.0,Bolivia
375,Cemoi,2009,72%,France,2.75,Ecuador
376,Chaleur B,2014,70%,Canada,2.75,Uganda
377,Charm School,2016,70%,U.S.A.,3.25,Belize
378,Chchukululu (Tulicorp),2010,55%,Ecuador,2.75,Ecuador
379,Chchukululu (Tulicorp),2008,75%,Ecuador,3.0,Ecuador
380,Chequessett,2014,70%,U.S.A.,3.5,Costa Rica
381,Chloe Chocolat,2011,70%,France,3.5, 
382,Chocablog,2015,70%,U.K.,3.25,Ecuador
383,Choco Del Sol,2014,75%,Germany,3.0,Belize
384,Choco Del Sol,2014,82%,Germany,3.25,Belize
385,Choco Dong,2015,70%,South Korea,2.75,Vietnam
386,Choco Dong,2015,70%,South Korea,3.5,Malaysia
387,Chocolarder,2015,65%,U.K.,2.5,Peru
388,Chocolarder,2015,65%,U.K.,2.75,Peru
389,Chocolarder,2015,80%,U.K.,2.5,Dominican Republic
390,Chocola'te,2011,70%,U.S.A.,3.75,Madagascar
391,Chocola'te,2011,68%,U.S.A.,3.75,Venezuela
392,Chocolate Alchemist-Philly,2016,90%,U.S.A.,2.5,Peru
393,Chocolate Alchemist-Philly,2016,80%,U.S.A.,2.5, 
394,Chocolate Con Amor,2016,70%,U.S.A.,2.5,Bolivia
395,Chocolate Con Amor,2016,70%,U.S.A.,2.75,Uganda
396,Chocolate Con Amor,2016,60%,U.S.A.,3.0,Dominican Republic
397,Chocolate Con Amor,2016,75%,U.S.A.,3.0,Dominican Republic
398,Chocolate Con Amor,2016,80%,U.S.A.,3.0,Venezuela
399,Chocolate Con Amor,2016,70%,U.S.A.,3.25,Ecuador
400,Chocolate Con Amor,2016,80%,U.S.A.,2.75,Nicaragua
401,Chocolate Conspiracy,2014,74%,U.S.A.,2.75,Peru
402,Chocolate Makers,2015,75%,Amsterdam,3.25,Dominican Republic
403,Chocolate Makers,2015,68%,Amsterdam,3.5,Congo
404,Chocolate Makers,2015,80%,Amsterdam,3.75,Peru
405,"Chocolate Tree, The",2015,69%,Scotland,3.75,Peru
406,"Chocolate Tree, The",2015,80%,Scotland,3.75,Venezuela
407,"Chocolate Tree, The",2013,70%,Scotland,3.75,Peru
408,"Chocolate Tree, The",2012,82%,Scotland,2.5,Ecuador
409,"Chocolate Tree, The",2012,68%,Scotland,2.75,Peru
410,"Chocolate Tree, The",2012,72%,Scotland,3.25,Madagascar
411,Chocolats Privilege,2014,70%,Canada,2.5,Mexico
412,ChocoReko,2015,77%,Japan,3.0,Venezuela
413,Chocosol,2011,65%,Canada,3.25,Mexico
414,Chocovic,2010,71%,Spain,3.25,Mexico
415,Chocovic,2010,71%,Spain,3.5,Madagascar
416,Chocovic,2009,60%,Spain,3.25, 
417,Chocovic,2009,75%,Spain,3.25, 
418,Chocovic,2008,71%,Spain,3.5,Venezuela
419,Chocovic,2007,71%,Spain,2.5,Ecuador
420,Chocovic,2007,71%,Spain,2.5,Grenada
421,Chocovic,2007,70%,Spain,3.0, 
422,Chocovivo,2015,65%,U.S.A.,2.5,Mexico
423,Chocovivo,2015,75%,U.S.A.,2.5,Mexico
424,Choklat,2009,80%,Canada,2.5,Venezuela
425,Choklat,2009,70%,Canada,2.75,Mexico
426,Choklat,2009,70%,Canada,3.0,Brazil
427,Choklat,2009,80%,Canada,3.0,Brazil
428,Choklat,2009,70%,Canada,3.0,Venezuela
429,Chokolat Elot (Girard),2013,42%,Martinique,2.75,Martinique
430,Choocsol,2016,75%,Canada,3.25,Mexico
431,Christopher Morel (Felchlin),2011,68%,Canada,3.75,Peru
432,Chuao Chocolatier,2009,61%,U.S.A.,3.0,Venezuela
433,Chuao Chocolatier (Pralus),2010,77%,U.S.A.,2.75,Venezuela
434,Claudio Corallo,2010,73.5%,Sao Tome,3.75,Sao Tome & Principe
435,Claudio Corallo,2008,80%,Sao Tome,3.0,Sao Tome & Principe
436,Claudio Corallo,2008,75%,Sao Tome,4.0,Sao Tome & Principe
437,Claudio Corallo,2008,100%,Sao Tome,1.0,Sao Tome & Principe
438,Cloudforest,2015,73%,U.S.A.,3.5,Ecuador
439,Coleman & Davis,2015,75%,U.S.A.,3.0,Madagascar
440,Compania de Chocolate (Salgado),2010,70%,Argentina,3.25,Venezuela
441,Compania de Chocolate (Salgado),2008,80%,Argentina,2.75,Venezuela
442,Compania de Chocolate (Salgado),2008,72%,Argentina,3.25,Bolivia
443,Compania de Chocolate (Salgado),2008,70%,Argentina,3.75,Venezuela
444,Compania de Chocolate (Salgado),2008,88%,Argentina,2.75,Ecuador
445,Condor,2015,76%,U.S.A.,3.5,Ecuador
446,Confluence,2016,78%,U.S.A.,2.75,Vietnam
447,Coppeneur,2013,65%,Germany,3.25,Ecuador
448,Coppeneur,2012,85%,Germany,3.5,Ghana
449,Coppeneur,2012,100%,Germany,1.5,Ecuador
450,Coppeneur,2012,72%,Germany,3.75,Sao Tome & Principe
451,Coppeneur,2012,70%,Germany,3.5,Madagascar
452,Coppeneur,2010,72%,Germany,3.25,Grenada
453,Coppeneur,2010,70%,Germany,3.0,Venezuela
454,Coppeneur,2010,72%,Germany,2.5,Ecuador
455,Coppeneur,2010,72%,Germany,3.0,Trinidad
456,Coppeneur,2010,72%,Germany,3.25,Jamaica
457,Coppeneur,2010,72%,Germany,3.25,Venezuela
458,Coppeneur,2009,72%,Germany,3.0,Peru
459,Coppeneur,2009,62%,Germany,3.25,Peru
460,Coppeneur,2009,70%,Germany,3.5,Venezuela
461,Coppeneur,2009,70%,Germany,3.75,Venezuela
462,Coppeneur,2008,72%,Germany,3.0,Mexico
463,Coppeneur,2008,72%,Germany,3.0,Venezuela
464,Coppeneur,2007,72%,Germany,3.0,Madagascar
465,Cote d' Or (Kraft),2006,70%,Belgium,1.0, 
466,Cravve,2014,70%,Australia,2.5,Papua New Guinea
467,Cravve,2014,83%,Australia,2.75,Vanuatu
468,Cravve,2012,75%,Australia,3.25,Tanzania
469,Cravve,2012,65%,Australia,3.25,Brazil
470,Cravve,2012,67%,Australia,3.25,Fiji
471,Cravve,2012,64%,Australia,3.25,Vanuatu
472,Cravve,2012,75%,Australia,3.5,Papua New Guinea
473,Creo,2016,85%,U.S.A.,3.25,Ecuador
474,Creo,2016,73%,U.S.A.,3.75,Ecuador
475,Daintree,2015,70%,Australia,2.75,Australia
476,Daintree,2011,70%,Australia,3.25,Australia
477,Dalloway,2017,72%,U.S.A.,2.75,Dominican Republic
478,Damson,2015,70%,U.K.,3.0,Trinidad
479,Damson,2015,70%,U.K.,3.5,Ecuador
480,Damson,2015,70%,U.K.,2.25,Grenada
481,Damson,2015,70%,U.K.,2.75,Nicaragua
482,Dandelion,2016,70%,U.S.A.,3.75, 
483,Dandelion,2015,70%,U.S.A.,3.0,Belize
484,Dandelion,2014,70%,U.S.A.,3.5,Belize
485,Dandelion,2014,70%,U.S.A.,3.5,Ecuador
486,Dandelion,2014,70%,U.S.A.,2.75,Liberia
487,Dandelion,2014,70%,U.S.A.,3.75,Dominican Republic
488,Dandelion,2013,70%,U.S.A.,2.75,Venezuela
489,Dandelion,2013,70%,U.S.A.,3.25,Venezuela
490,Dandelion,2013,70%,U.S.A.,3.5,Venezuela
491,Dandelion,2013,70%,U.S.A.,3.5,Papua New Guinea
492,Dandelion,2012,70%,U.S.A.,3.0,Costa Rica
493,Dandelion,2012,70%,U.S.A.,3.25,Colombia
494,Dandelion,2012,70%,U.S.A.,3.75,Dominican Republic
495,Dandelion,2011,70%,U.S.A.,3.25,Dominican Republic
496,Dandelion,2011,70%,U.S.A.,3.25,Madagascar
497,Dandelion,2011,70%,U.S.A.,3.25,Tanzania
498,Danta,2014,82%,Guatemala,3.25,Guatemala
499,Danta,2012,75%,Guatemala,3.0,Venezuela
500,Danta,2012,70%,Guatemala,3.75,Guatemala
501,Danta,2012,70%,Guatemala,3.75,Madagascar
502,Danta,2012,70%,Guatemala,4.0,Guatemala
503,Danta,2012,70%,Guatemala,3.25,Guatemala
504,Danta,2011,60%,Guatemala,3.5,Guatemala
505,Danta,2009,75%,Guatemala,3.0,Guatemala
506,Danta,2009,60%,Guatemala,3.25,Guatemala
507,DAR,2016,72%,U.S.A.,2.75,Venezuela
508,DAR,2016,72%,U.S.A.,3.0,Vietnam
509,DAR,2016,70%,U.S.A.,3.25,"Ecuador, Costa Rica"
510,Dark Forest,2016,75%,U.S.A.,3.25,Bolivia
511,Dark Forest,2015,70%,U.S.A.,3.0,Madagascar
512,Dark Forest,2015,70%,U.S.A.,3.25,Venezuela
513,Dark Forest,2015,70%,U.S.A.,3.0,Tanzania
514,Dark Forest,2015,70%,U.S.A.,3.25,Ecuador
515,Davis,2013,70%,U.S.A.,2.5,Ghana
516,Davis,2013,70%,U.S.A.,2.75,Dominican Republic
517,Davis,2013,70%,U.S.A.,2.75,Venezuela
518,Davis,2012,58%,U.S.A.,3.25,West Africa
519,De Mendes,2015,72%,Brazil,3.5,Brazil
520,De Mendes,2015,65%,Brazil,3.5,Brazil
521,De Villiers,2016,70%,South Africa,2.5,Uganda
522,De Villiers,2016,70%,South Africa,3.0,Madagascar
523,Dean and Deluca (Belcolade),2007,66%,U.S.A.,2.5,Madagascar
524,Dean and Deluca (Belcolade),2007,64%,U.S.A.,3.0,Costa Rica
525,Dean and Deluca (Belcolade),2007,71%,U.S.A.,3.0,Ecuador
526,Dean and Deluca (Belcolade),2007,60%,U.S.A.,3.0,Ghana
527,Dean and Deluca (Belcolade),2007,64%,U.S.A.,3.0,Papua New Guinea
528,Dean and Deluca (Belcolade),2007,64%,U.S.A.,3.0,Peru
529,Debauve & Gallais (Michel Cluizel),2009,64%,France,3.0,Papua New Guinea
530,Debauve & Gallais (Michel Cluizel),2008,66%,France,3.75,Venezuela
531,Desbarres,2016,72%,Canada,2.5,Tanzania
532,DeVries,2008,80%,U.S.A.,2.75,Bolivia
533,DeVries,2007,77%,U.S.A.,3.5,Costa Rica
534,DeVries,2007,77%,U.S.A.,3.5,Dominican Republic
535,Dick Taylor,2017,70%,U.S.A.,3.75,Guatemala
536,Dick Taylor,2016,78%,U.S.A.,3.5,Vietnam
537,Dick Taylor,2015,70%,U.S.A.,3.75,Bolivia
538,Dick Taylor,2014,74%,U.S.A.,3.5,Dominican Republic
539,Dick Taylor,2013,70%,U.S.A.,3.25,Ecuador
540,Dick Taylor,2013,76%,U.S.A.,3.5,Ecuador
541,Dick Taylor,2012,75%,U.S.A.,2.75,Bolivia
542,Dick Taylor,2012,72%,U.S.A.,2.75,Belize
543,Dick Taylor,2011,80%,U.S.A.,2.75,Madagascar
544,Dick Taylor,2011,72%,U.S.A.,3.0,Madagascar
545,Dick Taylor,2011,75%,U.S.A.,2.75,Venezuela
546,Dick Taylor,2011,74%,U.S.A.,3.0,Dominican Republic
547,Dick Taylor,2011,70%,U.S.A.,3.25,Ecuador
548,Doble & Bignall,2015,85%,U.K.,3.0,Venezuela
549,Doble & Bignall,2014,72%,U.K.,3.25,Panama
550,Doble & Bignall,2014,72%,U.K.,3.25,Venezuela
551,Doble & Bignall,2014,72%,U.K.,3.5,Nicaragua
552,Dole (Guittard),2009,70%,U.S.A.,3.75,Hawaii
553,Dolfin (Belcolade),2008,88%,Belgium,3.0,West Africa
554,Dolfin (Belcolade),2006,70%,Belgium,1.5, 
555,Domori,2015,70%,Italy,3.75,Ecuador
556,Domori,2015,70%,Italy,3.75,Venezuela
557,Domori,2013,100%,Italy,3.0,Venezuela
558,Domori,2012,70%,Italy,3.5,Tanzania
559,Domori,2012,70%,Italy,3.75,Venezuela
560,Domori,2011,70%,Italy,3.5,Venezuela
561,Domori,2010,70%,Italy,3.0,Venezuela
562,Domori,2008,70%,Italy,3.0,Venezuela
563,Domori,2008,70%,Italy,3.0,Colombia
564,Domori,2008,78%,Italy,3.5, 
565,Domori,2008,70%,Italy,3.75, 
566,Domori,2007,70%,Italy,4.0,Venezuela
567,Domori,2007,75%,Italy,3.25,Venezuela
568,Domori,2007,60%,Italy,3.25,Venezuela
569,Domori,2007,70%,Italy,3.5,Madagascar
570,Domori,2007,70%,Italy,3.5,Madagascar
571,Domori,2007,70%,Italy,3.75,Indonesia
572,Domori,2007,70%,Italy,4.0,Ecuador
573,Domori,2007,70%,Italy,4.0,Venezuela
574,Domori,2006,70%,Italy,3.0,Venezuela
575,Domori,2006,70%,Italy,3.25,Peru
576,Domori,2006,70%,Italy,3.5,Venezuela
577,Dormouse,2016,75%,U.K.,2.75,Grenada
578,Dormouse,2015,70%,U.K.,2.5,Venezuela
579,Dormouse,2015,80%,U.K.,2.75,Colombia
580,Dormouse,2015,77%,U.K.,2.75,Madagascar
581,Duffy's,2015,70%,U.K.,4.0,Guatemala
582,Duffy's,2014,70%,U.K.,3.5,Nicaragua
583,Duffy's,2014,76%,U.K.,3.75,Nicaragua
584,Duffy's,2012,72%,U.K.,3.75,Venezuela
585,Duffy's,2011,72%,U.K.,3.75,Honduras
586,Duffy's,2011,65%,U.K.,3.5,Dominican Republic
587,Duffy's,2011,72%,U.K.,3.0,Panama
588,Duffy's,2011,71%,U.K.,3.25,Nicaragua
589,Duffy's,2011,71%,U.K.,3.5,Venezuela
590,Duffy's,2010,70%,U.K.,3.5,Panama
591,Duffy's,2010,72%,U.K.,3.75,Ecuador
592,Duffy's,2010,70%,U.K.,2.5,Ecuador
593,Duffy's,2010,70%,U.K.,3.75,Peru
594,Dulcinea,2015,70%,U.S.A.,3.25,Dominican Republic
595,Durand,2012,82%,France,2.75,Madagascar
596,Durci,2015,70%,U.S.A.,3.5,Peru
597,Durci,2015,70%,U.S.A.,3.5,Venezuela
598,Durci,2015,70%,U.S.A.,3.25,Domincan Republic
599,Durci,2015,70%,U.S.A.,3.25,Venezuela
600,Durci,2015,70%,U.S.A.,4.0,Ecuador
601,East Van Roasters,2014,70%,Canada,3.25,Peru
602,East Van Roasters,2014,70%,Canada,3.5,Madagascar
603,East Van Roasters,2014,70%,Canada,3.75,Dominican Republic
604,Eau de Rose,2016,70%,Canada,3.25,Colombia
605,Eau de Rose,2016,70%,Canada,3.25,Colombia
606,Eclat (Felchlin),2012,72%,U.S.A.,2.75,Peru
607,Edelmond,2016,68%,Germany,3.0,Venezuela
608,El Ceibo,2011,75%,Bolivia,3.75,Bolivia
609,El Ceibo,2008,71%,Bolivia,2.75,Bolivia
610,El Rey,2015,70%,Venezuela,3.75,Venezuela
611,El Rey,2009,60.5%,Venezuela,2.75,Venezuela
612,El Rey,2009,70%,Venezuela,3.0,Venezuela
613,El Rey,2008,74%,Venezuela,2.5,Venezuela
614,El Rey,2008,58%,Venezuela,2.5,Venezuela
615,El Rey,2008,61%,Venezuela,3.0,Venezuela
616,El Rey,2006,70%,Venezuela,2.75,Venezuela
617,Emerald Estate,2013,60%,St. Lucia,2.75,St. Lucia
618,Emerald Estate,2013,70%,St. Lucia,3.25,St. Lucia
619,Emily's,2015,79%,Japan,3.0,Venezuela
620,Emily's,2015,78%,Japan,3.5,Peru
621,ENNA,2016,75%,U.S.A.,3.25,Honduras
622,Enric Rovira (Claudio Corallo),2010,80%,Spain,3.25,Sao Tome & Principe
623,Erithaj (A. Morin),2014,70%,France,3.25,Vietnam
624,Erithaj (A. Morin),2014,80%,France,3.0,Vietnam
625,Erithaj (A. Morin),2014,74%,France,3.25,Vietnam
626,Escazu,2012,70%,U.S.A.,2.75,Venezuela
627,Escazu,2009,65%,U.S.A.,2.0,Costa Rica
628,Escazu,2009,81%,U.S.A.,3.5,Venezuela
629,Escazu,2009,74%,U.S.A.,2.75,"Cost Rica, Ven"
630,Escazu,2008,72%,U.S.A.,3.0,Venezuela
631,Ethel's Artisan (Mars),2011,55%,U.S.A.,2.5,"Peru, Madagascar"
632,Ethel's Artisan (Mars),2011,55%,U.S.A.,2.5,Trinidad
633,Ethel's Artisan (Mars),2011,70%,U.S.A.,2.5,Venezuela
634,Ethel's Artisan (Mars),2011,62%,U.S.A.,2.75, 
635,Ethel's Artisan (Mars),2011,62%,U.S.A.,2.5,"Venezuela, Trinidad"
636,Ethereal,2014,80%,U.S.A.,3.0,Belize
637,Ethereal,2014,80%,U.S.A.,3.5,Ecuador
638,Ethereal,2014,80%,U.S.A.,3.75,Dominican Republic
639,Fearless (AMMA),2010,75%,U.S.A.,2.75,Brazil
640,Feitoria Cacao,2016,76%,Portugal,3.0,Jamaica
641,Feitoria Cacao,2016,76%,Portugal,2.5,Venezuela
642,Feitoria Cacao,2016,76%,Portugal,2.75,Belize
643,Felchlin,2010,58%,Switzerland,3.5,Grenada
644,Felchlin,2006,62%,Switzerland,2.0, 
645,Felchlin,2006,74%,Switzerland,3.0,Dominican Republic
646,Felchlin,2006,64%,Switzerland,3.0,Madagascar
647,Felchlin,2006,65%,Switzerland,3.0,Venezuela
648,Felchlin,2006,72%,Switzerland,3.5,Ecuador
649,Felchlin,2006,68%,Switzerland,4.0,Bolivia
650,Finca,2014,65%,U.S.A.,2.25,Puerto Rico
651,Finca,2014,80%,U.S.A.,3.0,Dominican Republic
652,Finca,2014,70%,U.S.A.,3.25,Dominican Republic
653,Finca,2014,85%,U.S.A.,2.5,Dominican Republic
654,Forever Cacao,2014,72%,U.K.,2.75,Peru
655,Forteza (Cortes),2016,70%,Puerto Rico,2.75,Domincan Republic
656,Forteza (Cortes),2016,80%,Puerto Rico,2.75,Domincan Republic
657,Fossa,2016,70%,Singapore,2.75,Madagascar
658,Fossa,2016,75%,Singapore,3.5,Ecuador
659,Fossa,2016,67%,Singapore,3.75,Tanzania
660,Franceschi,2014,70%,Venezuela,3.5,Venezuela
661,Franceschi,2014,70%,Venezuela,3.75,Venezuela
662,Franceschi,2012,70%,Venezuela,3.75,Venezuela
663,Franceschi,2012,60%,Venezuela,3.5,Venezuela
664,Frederic Blondeel,2015,70%,Belgium,3.5,Costa Rica
665,Frederic Blondeel,2015,75%,Belgium,3.5,Peru
666,Frederic Blondeel,2015,80%,Belgium,3.0,Vietnam
667,Frederic Blondeel,2014,60%,Belgium,3.5,Ghana
668,Frederic Blondeel,2014,65%,Belgium,3.5,Madagascar
669,French Broad,2017,70%,U.S.A.,3.5,Peru
670,French Broad,2015,73%,U.S.A.,3.5,Guatemala
671,French Broad,2014,80%,U.S.A.,3.0,Costa Rica
672,French Broad,2014,68%,U.S.A.,3.25,Nicaragua
673,French Broad,2013,66%,U.S.A.,3.5,Peru
674,French Broad,2012,70%,U.S.A.,2.5,Peru
675,French Broad,2012,61%,U.S.A.,3.5,Peru
676,French Broad,2012,81%,U.S.A.,2.0,Peru
677,French Broad,2011,70%,U.S.A.,3.5,Peru
678,French Broad,2011,65%,U.S.A.,3.5,Dominican Republic
679,Fresco,2014,70%,U.S.A.,3.0,Peru
680,Fresco,2014,70%,U.S.A.,3.5,Peru
681,Fresco,2014,70%,U.S.A.,3.5,Peru
682,Fresco,2014,70%,U.S.A.,3.5,Peru
683,Fresco,2013,72%,U.S.A.,3.25,Dominican Republic
684,Fresco,2013,72%,U.S.A.,3.75,Dominican Republic
685,Fresco,2013,70%,U.S.A.,3.75,Peru
686,Fresco,2013,70%,U.S.A.,4.0,Peru
687,Fresco,2012,69%,U.S.A.,3.5,Papua New Guinea
688,Fresco,2012,69%,U.S.A.,3.5,Papua New Guinea
689,Fresco,2012,74%,U.S.A.,4.0,Madagascar
690,Fresco,2012,69%,U.S.A.,4.0,Papua New Guinea
691,Fresco,2012,69%,U.S.A.,3.0,Papua New Guinea
692,Fresco,2011,74%,U.S.A.,2.75,Ghana
693,Fresco,2011,70%,U.S.A.,3.25,Jamaica
694,Fresco,2011,72%,U.S.A.,3.5,Dominican Republic
695,Fresco,2011,70%,U.S.A.,3.5,Jamaica
696,Fresco,2011,74%,U.S.A.,2.75,Madagascar
697,Fresco,2011,72%,U.S.A.,3.25,Dominican Republic
698,Fresco,2011,74%,U.S.A.,3.0,Madagascar
699,Fresco,2011,76%,U.S.A.,3.25,Venezuela
700,Fresco,2011,70%,U.S.A.,4.0,Venezuela
701,Fresco,2009,80%,U.S.A.,2.75,Jamaica
702,Fresco,2009,70%,U.S.A.,3.0,Jamaica
703,Fresco,2009,70%,U.S.A.,3.25,Jamaica
704,Fresco,2009,65%,U.S.A.,3.5,Venezuela
705,Friis Holm,2016,70%,Denmark,3.5,Nicaragua
706,Friis Holm (Bonnat),2015,60%,Denmark,3.0,Nicaragua
707,Friis Holm (Bonnat),2015,85%,Denmark,3.25,Nicaragua
708,Friis Holm (Bonnat),2014,70%,Denmark,3.5,Nicaragua
709,Friis Holm (Bonnat),2013,70%,Denmark,3.25,Nicaragua
710,Friis Holm (Bonnat),2013,70%,Denmark,3.5,Nicaragua
711,Friis Holm (Bonnat),2012,70%,Denmark,3.25,Nicaragua
712,Friis Holm (Bonnat),2012,70%,Denmark,3.25,Honduras
713,Friis Holm (Bonnat),2012,70%,Denmark,3.25,Nicaragua
714,Friis Holm (Bonnat),2012,70%,Denmark,3.75,Nicaragua
715,Friis Holm (Bonnat),2011,70%,Denmark,3.25,Nicaragua
716,Friis Holm (Bonnat),2011,70%,Denmark,3.5,Nicaragua
717,Friis Holm (Bonnat),2011,70%,Denmark,3.5,Nicaragua
718,Fruition,2016,74%,U.S.A.,3.75,Bolivia
719,Fruition,2016,74%,U.S.A.,4.0,Costa Rica
720,Fruition,2014,70%,U.S.A.,3.75,Trinidad
721,Fruition,2014,76%,U.S.A.,3.0,Peru
722,Fruition,2013,70%,U.S.A.,3.75,Dominican Republic
723,Fruition,2013,75%,U.S.A.,3.0,Ecuador
724,Fruition,2012,70%,U.S.A.,2.5,Peru
725,Fruition,2011,66%,U.S.A.,3.25,Costa Rica
726,Fruition,2011,70%,U.S.A.,3.0,Costa Rica
727,Garden Island,2014,85%,U.S.A.,2.5,Hawaii
728,Georgia Ramon,2015,65%,Germany,3.25,Madagascar
729,Georgia Ramon,2015,70%,Germany,4.0,Ghana
730,Georgia Ramon,2015,70%,Germany,3.5,Domincan Republic
731,Georgia Ramon,2015,80%,Germany,3.5,Domincan Republic
732,Georgia Ramon,2015,75%,Germany,3.5,Madagascar
733,Glennmade,2016,70%,U.S.A.,3.5,Belize
734,Glennmade,2015,66%,U.S.A.,3.0,Brazil
735,Goodnow Farms,2016,77%,U.S.A.,2.75,Mexico
736,Goodnow Farms,2016,77%,U.S.A.,3.25,Nicaragua
737,Goodnow Farms,2016,77%,U.S.A.,3.25,Guatemala
738,Grand Place,2011,72%,Vietnam,3.0,Vietnam
739,Green & Black's (ICAM),2006,70%,U.K.,2.5, 
740,Green Bean to Bar,2016,70%,Japan,3.5,Madagascar
741,Grenada Chocolate Co.,2010,82%,Grenada,3.25,Grenada
742,Grenada Chocolate Co.,2009,60%,Grenada,2.75,Grenada
743,Grenada Chocolate Co.,2008,71%,Grenada,2.5,Grenada
744,Guido Castagna,2009,64%,Italy,3.0,Ecuador
745,Guido Castagna,2009,64%,Italy,3.0,Ghana
746,Guido Castagna,2009,64%,Italy,3.0,"Trinidad, Tobago"
747,Guido Castagna,2009,76%,Italy,3.0,Venezuela
748,Guido Castagna,2009,64%,Italy,3.25,"Ven, Trinidad, Ecuador"
749,Guittard,2015,70%,U.S.A.,3.75, 
750,Guittard,2013,65%,U.S.A.,2.75,Haiti
751,Guittard,2013,65%,U.S.A.,2.75,Nicaragua
752,Guittard,2013,65%,U.S.A.,3.25,Jamaica
753,Guittard,2013,65%,U.S.A.,3.5,Ecuador
754,Guittard,2011,72%,U.S.A.,2.75, 
755,Guittard,2011,61%,U.S.A.,3.25, 
756,Guittard,2011,72%,U.S.A.,3.25, 
757,Guittard,2010,65%,U.S.A.,3.0,Trinidad
758,Guittard,2009,55%,U.S.A.,3.0,Hawaii
759,Guittard,2009,91%,U.S.A.,3.0, 
760,Guittard,2009,70%,U.S.A.,3.5, 
761,Guittard,2008,65%,U.S.A.,3.0,Peru
762,Guittard,2008,64%,U.S.A.,3.0, 
763,Guittard,2008,65%,U.S.A.,3.5,Venezuela
764,Guittard,2007,72%,U.S.A.,3.5, 
765,Guittard,2006,65%,U.S.A.,3.0,Colombia
766,Guittard,2006,65%,U.S.A.,2.5,Venezuela
767,Guittard,2006,65%,U.S.A.,3.5,Madagascar
768,Guittard,2006,65%,U.S.A.,3.5,Ecuador
769,Guittard,2006,61%,U.S.A.,3.5, 
770,Guittard,2006,61%,U.S.A.,3.0, 
771,Habitual,2014,80%,Canada,2.75,Papua New Guinea
772,Habitual,2014,74%,Canada,2.75, 
773,Habitual,2014,75%,Canada,3.25,Dominican Republic
774,Habitual,2014,70%,Canada,3.5, 
775,Habitual,2014,65%,Canada,2.75, 
776,Habitual,2014,70%,Canada,3.0, 
777,Habitual,2014,80%,Canada,3.0, 
778,Habitual,2014,66%,Canada,3.25,Hawaii
779,Habitual,2014,100%,Canada,2.0, 
780,Hachez,2007,77%,Germany,2.5,Ecuador
781,Hacienda El Castillo,2014,55%,Ecuador,2.75,Ecuador
782,Hacienda El Castillo,2014,70%,Ecuador,3.0,Ecuador
783,Haigh,2011,70%,Australia,3.0,"South America, Africa"
784,Harper Macaw,2016,85%,U.S.A.,3.25,Brazil
785,Harper Macaw,2015,67%,U.S.A.,3.0,Brazil
786,Harper Macaw,2015,77%,U.S.A.,3.5,Brazil
787,Harper Macaw,2015,74%,U.S.A.,3.5,Brazil
788,Heilemann,2016,64%,Germany,2.75,Peru
789,Heirloom Cacao Preservation (Brasstown),2016,70%,U.S.A.,3.25,Belize
790,Heirloom Cacao Preservation (Fruition),2016,74%,U.S.A.,3.5,Costa Rica
791,Heirloom Cacao Preservation (Guittard),2014,67%,U.S.A.,3.5,Bolivia
792,Heirloom Cacao Preservation (Guittard),2014,67%,U.S.A.,3.0,Bolivia
793,Heirloom Cacao Preservation (Guittard),2014,67%,U.S.A.,3.75,Ecuador
794,Heirloom Cacao Preservation (Guittard),2014,67%,U.S.A.,3.75,Hawaii
795,Heirloom Cacao Preservation (Manoa),2016,72%,U.S.A.,3.5,Hawaii
796,Heirloom Cacao Preservation (Millcreek),2016,70%,U.S.A.,3.5,Ecuador
797,Heirloom Cacao Preservation (Mindo),2016,77%,U.S.A.,3.5,Ecuador
798,Heirloom Cacao Preservation (Zokoko),2016,68%,U.S.A.,3.75,Bolivia
799,Heirloom Cacao Preservation (Zokoko),2016,72%,U.S.A.,4.0,Bolivia
800,hello cocoa,2015,57%,U.S.A.,2.75,Uganda
801,hello cocoa,2015,74%,U.S.A.,3.5,Venezuela
802,hexx,2015,70%,U.S.A.,2.75,Tanzania
803,hexx,2015,74%,U.S.A.,3.0,Madagascar
804,hexx,2015,70%,U.S.A.,3.0,Venezuela
805,hexx,2015,73%,U.S.A.,3.25,Ecuador
806,hexx,2015,70%,U.S.A.,3.25,Peru
807,Hogarth,2016,70%,New Zealand,2.75,Madagascar
808,Hogarth,2016,72%,New Zealand,2.75,Venezuela
809,Hogarth,2016,75%,New Zealand,3.25,Domincan Republic
810,Hogarth,2016,66%,New Zealand,3.5,Peru
811,Hoja Verde (Tulicorp),2009,80%,Ecuador,2.0,Ecuador
812,Hoja Verde (Tulicorp),2009,80%,Ecuador,2.5,Ecuador
813,Hoja Verde (Tulicorp),2009,72%,Ecuador,3.0,Ecuador
814,Hoja Verde (Tulicorp),2009,58%,Ecuador,3.25,Ecuador
815,Hoja Verde (Tulicorp),2009,58%,Ecuador,3.5,Ecuador
816,Holy Cacao,2016,70%,Israel,2.75,Peru
817,Holy Cacao,2015,70%,Israel,3.5,Ecuador
818,Holy Cacao,2015,70%,Israel,3.5,Madagascar
819,Holy Cacao,2015,70%,Israel,3.5,Trinidad
820,Holy Cacao,2015,70%,Israel,3.5,Venezuela
821,Holy Cacao,2009,70%,Israel,2.5,Ivory Coast
822,Holy Cacao,2009,70%,Israel,2.75,Dominican Republic
823,Holy Cacao,2009,70%,Israel,3.5,Peru
824,Holy Cacao,2009,75%,Israel,3.75,Dominican Republic
825,Honest,2014,72%,South Africa,2.5,Ecuador
826,Hotel Chocolat,2015,70%,U.K.,2.75,St. Lucia
827,Hotel Chocolat,2013,70%,U.K.,4.0,St. Lucia
828,Hotel Chocolat,2013,100%,U.K.,1.75,St. Lucia
829,Hotel Chocolat (Coppeneur),2013,75%,U.K.,3.0,Trinidad
830,Hotel Chocolat (Coppeneur),2013,80%,U.K.,3.5,Vietnam
831,Hotel Chocolat (Coppeneur),2013,90%,U.K.,3.0,Ecuador
832,Hotel Chocolat (Coppeneur),2013,72%,U.K.,3.0,Madagascar
833,Hotel Chocolat (Coppeneur),2013,82%,U.K.,3.5,Ecuador
834,Hotel Chocolat (Coppeneur),2013,100%,U.K.,2.75,Peru
835,Hotel Chocolat (Coppeneur),2013,100%,U.K.,2.5,Ecuador
836,Hotel Chocolat (Coppeneur),2013,100%,U.K.,2.75,Dominican Republic
837,Hotel Chocolat (Coppeneur),2012,66%,U.K.,3.5,Madagascar
838,Hotel Chocolat (Coppeneur),2011,80%,U.K.,3.0,Ecuador
839,Hotel Chocolat (Coppeneur),2011,65%,U.K.,3.0,St. Lucia
840,Hotel Chocolat (Coppeneur),2011,65%,U.K.,3.25,St. Lucia
841,Hotel Chocolat (Coppeneur),2010,70%,U.K.,2.75,Ecuador
842,Hotel Chocolat (Coppeneur),2010,70%,U.K.,3.0,Dominican Republic
843,Hotel Chocolat (Coppeneur),2010,70%,U.K.,2.75,Venezuela
844,Hotel Chocolat (Coppeneur),2008,72%,U.K.,3.0,St. Lucia
845,Hotel Chocolat (Coppeneur),2008,80%,U.K.,2.5,Uganda
846,Hotel Chocolat (Coppeneur),2008,75%,U.K.,2.75,Tanzania
847,Hotel Chocolat (Coppeneur),2008,72%,U.K.,3.0,Sao Tome
848,Hummingbird,2015,70%,Canada,3.5,Vietnam
849,Hummingbird,2014,70%,Canada,3.0,Bolivia
850,Hummingbird,2014,70%,Canada,3.0,Bolivia
851,Hummingbird,2014,70%,Canada,3.0,Nicaragua
852,Hummingbird,2014,70%,Canada,3.75,Dominican Republic
853,Hummingbird,2014,70%,Canada,3.5,Dominican Republic
854,Hummingbird,2013,70%,Canada,3.25,Venezuela
855,Hummingbird,2013,70%,Canada,3.75,Venezuela
856,Idilio (Felchlin),2013,72%,Switzerland,3.75,Venezuela
857,Idilio (Felchlin),2011,72%,Switzerland,3.75,Venezuela
858,Idilio (Felchlin),2011,72%,Switzerland,3.75,Venezuela
859,Idilio (Felchlin),2011,72%,Switzerland,3.25,Venezuela
860,Idilio (Felchlin),2011,72%,Switzerland,3.75,Venezuela
861,Idilio (Felchlin),2011,74%,Switzerland,4.0,Venezuela
862,Idilio (Felchlin),2011,72%,Switzerland,3.5,Venezuela
863,Idilio (Felchlin),2011,70%,Switzerland,4.0,Venezuela
864,Idilio (Felchlin),2011,72%,Switzerland,4.0,Venezuela
865,Idilio (Felchlin),2011,72%,Switzerland,4.0,Venezuela
866,Indah,2016,61%,India,2.5,India
867,Indaphoria,2012,70%,U.S.A.,3.25,Dominican Republic
868,Indaphoria,2012,70%,U.S.A.,2.75,Dominican Republic
869,Indi,2014,77%,U.S.A.,3.0,Honduras
870,iQ Chocolate,2012,72%,Scotland,2.75,Peru
871,iQ Chocolate,2012,72%,Scotland,3.0,Peru
872,Isidro,2014,72%,U.S.A.,3.5,Madagascar
873,Isidro,2014,72%,U.S.A.,2.25,Peru
874,Isidro,2014,72%,U.S.A.,3.25,Belize
875,Isidro,2014,72%,U.S.A.,3.25,Dominican Republic
876,Izard,2015,70%,U.S.A.,3.5,Belize
877,Izard,2015,70%,U.S.A.,2.75,Dominican Republic
878,Jacque Torres,2006,71%,U.S.A.,2.0,Ghana
879,Jordis,2015,63%,Czech Republic,2.75,Madagascar
880,Just Good Chocolate,2014,70%,U.S.A.,3.5,Belize
881,Just Good Chocolate,2014,70%,U.S.A.,3.5,Madagascar
882,Just Good Chocolate,2014,70%,U.S.A.,4.0,Peru
883,Kah Kow,2013,70%,Domincan Republic,3.5,Dominican Republic
884,Kah Kow,2013,82%,Domincan Republic,3.0,Dominican Republic
885,Kah Kow,2013,55%,Domincan Republic,3.25,Dominican Republic
886,Kah Kow,2013,62%,Domincan Republic,3.25,Dominican Republic
887,Kakao,2012,64%,Germany,2.5,Peru
888,Kakao,2009,65%,Germany,3.75,Vanuatu
889,Kallari (Ecuatoriana),2008,70%,Ecuador,3.0,Ecuador
890,Kallari (Ecuatoriana),2008,70%,Ecuador,3.5,Ecuador
891,Kallari (Ecuatoriana),2008,75%,Ecuador,2.75,Ecuador
892,Kallari (Ecuatoriana),2008,85%,Ecuador,2.5,Ecuador
893,Kallari (Ecuatoriana),2008,85%,Ecuador,2.75,Ecuador
894,Kallari (Ecuatoriana),2008,85%,Ecuador,3.0,Ecuador
895,Kallari (Ecuatoriana),2008,75%,Ecuador,2.5,Ecuador
896,Kallari (Ecuatoriana),2008,85%,Ecuador,3.0,Ecuador
897,Kaoka (Cemoi),2009,70%,France,2.75, 
898,Kaoka (Cemoi),2009,80%,France,2.75,Ecuador
899,Kerchner,2013,70%,U.S.A.,3.75,Dominican Republic
900,Ki' Xocolatl,2009,72%,Mexico,2.0,Mexico
901,Kiskadee,2014,60%,U.S.A.,3.0,Dominican Republic
902,Kto,2014,72%,U.S.A.,2.5,Peru
903,Kto,2014,72%,U.S.A.,2.75,Venezuela
904,Kto,2014,72%,U.S.A.,3.0,Belize
905,Kto,2014,72%,U.S.A.,3.25,Madagascar
906,Kto,2014,90%,U.S.A.,3.25,Belize
907,Kto,2014,72%,U.S.A.,3.25,Dominican Republic
908,Kto,2014,72%,U.S.A.,3.25,Dominican Republic
909,K'ul,2016,70%,U.S.A.,3.25,Haiti
910,K'ul,2016,70%,U.S.A.,2.75,Peru
911,K'ul,2016,70%,U.S.A.,3.75,Ecuador
912,K'ul,2016,70%,U.S.A.,3.75,Brazil
913,Kyya,2014,72.5%,U.S.A.,2.5,Uganda
914,Kyya,2014,72.5%,U.S.A.,3.0,Dominican Republic
915,Kyya,2014,72.5%,U.S.A.,2.5,Ecuador
916,Kyya,2014,72.5%,U.S.A.,3.0,Madagascar
917,L.A. Burdick (Felchlin),2012,74%,U.S.A.,3.25,Peru
918,L.A. Burdick (Felchlin),2012,70%,U.S.A.,4.0,Brazil
919,L.A. Burdick (Felchlin),2012,68%,U.S.A.,3.75,Venezuela
920,L.A. Burdick (Felchlin),2011,74%,U.S.A.,3.75,Ecuador
921,L.A. Burdick (Felchlin),2010,75%,U.S.A.,3.25,Grenada
922,L.A. Burdick (Felchlin),2010,74%,U.S.A.,3.75,Dominican Republic
923,L.A. Burdick (Felchlin),2010,71%,U.S.A.,3.0,Venezuela
924,L.A. Burdick (Felchlin),2009,64%,U.S.A.,3.5,Madagascar
925,L.A. Burdick (Felchlin),2009,68%,U.S.A.,3.0,Bolivia
926,La Chocolaterie Nanairo,2016,70%,Japan,2.25,Peru
927,La Chocolaterie Nanairo,2016,70%,Japan,2.5,Peru
928,La Chocolaterie Nanairo,2016,70%,Japan,3.0,Peru
929,La Chocolaterie Nanairo,2016,70%,Japan,3.0,Belize
930,La Maison du Chocolat (Valrhona),2013,74%,France,2.75,"Africa, Carribean, C. Am."
931,La Maison du Chocolat (Valrhona),2013,60%,France,3.25,Tobago
932,La Maison du Chocolat (Valrhona),2013,56%,France,3.25,Ecuador
933,La Maison du Chocolat (Valrhona),2012,66%,France,3.5,Dominican Republic
934,La Maison du Chocolat (Valrhona),2011,68%,France,3.5,Grenada
935,La Maison du Chocolat (Valrhona),2009,68%,France,3.25,Ghana
936,La Maison du Chocolat (Valrhona),2009,69%,France,3.5,Venezuela
937,La Maison du Chocolat (Valrhona),2009,60%,France,3.0, 
938,La Maison du Chocolat (Valrhona),2009,60%,France,3.75, 
939,La Maison du Chocolat (Valrhona),2008,74%,France,3.5,"Ven., Indonesia, Ecuad."
940,La Oroquidea,2011,72%,Peru,2.5,Peru
941,La Pepa de Oro,2011,60%,Ecuador,3.25,Ecuador
942,Laia aka Chat-Noir,2015,75%,France,2.75,Madagascar
943,Laia aka Chat-Noir,2015,75%,France,2.75,Vietnam
944,Laia aka Chat-Noir,2015,75%,France,3.0,Cuba
945,Laia aka Chat-Noir,2015,75%,France,3.25,Peru
946,Laia aka Chat-Noir,2015,75%,France,3.0,Ivory Coast
947,Laia aka Chat-Noir,2015,75%,France,3.5,Sao Tome
948,Laia aka Chat-Noir,2015,75%,France,3.25,Brazil
949,Laia aka Chat-Noir,2015,75%,France,3.75,Vietnam
950,Laia aka Chat-Noir,2014,70%,France,2.75,Cuba
951,Laia aka Chat-Noir,2014,68%,France,2.75,Trinidad-Tobago
952,Lajedo do Ouro,2012,70%,Brazil,3.5,Brazil
953,Lake Champlain (Callebaut),2009,75%,U.S.A.,2.5,Tanzania
954,L'Amourette,2016,80%,U.S.A.,3.5,Nicaragua
955,L'Amourette,2012,75%,U.S.A.,3.0,Venezuela
956,L'Amourette,2012,75%,U.S.A.,3.0,Venezuela
957,L'Amourette,2012,72%,U.S.A.,3.0,"Peru, Ecuador, Venezuela"
958,Letterpress,2017,70%,U.S.A.,3.5,Honduras
959,Letterpress,2017,70%,U.S.A.,3.25,Belize
960,Letterpress,2016,70%,U.S.A.,3.25,Liberia
961,Letterpress,2015,70%,U.S.A.,3.25,Bolivia
962,Letterpress,2015,70%,U.S.A.,3.5,Trinidad
963,Letterpress,2015,70%,U.S.A.,3.0,Costa Rica
964,Letterpress,2015,70%,U.S.A.,3.25,Domincan Republic
965,Letterpress,2015,70%,U.S.A.,3.5,Tanzania
966,Letterpress,2014,70%,U.S.A.,3.5,Peru
967,Levy,2014,71%,Finland,3.5,Madagascar
968,Lilla,2016,70%,Finland,3.0,Madagascar
969,Lillie Belle,2012,65%,U.S.A.,3.5,Peru
970,Lillie Belle,2012,68%,U.S.A.,3.5,Bolivia
971,Lillie Belle,2012,68%,U.S.A.,3.75,Peru
972,Lillie Belle,2012,75%,U.S.A.,2.75,"Venezuela, Dom. Rep."
973,Lillie Belle,2012,74%,U.S.A.,3.0,Dominican Republic
974,Lillie Belle,2012,68%,U.S.A.,3.5,Bolivia
975,Lindt & Sprungli,2007,85%,Switzerland,3.0, 
976,Loiza,2013,65%,Puerto Rico,2.5,Puerto Rico
977,Lonohana,2014,70%,U.S.A.,3.75,Hawaii
978,Lonohana,2014,65%,U.S.A.,3.25,Hawaii
979,Lonohana,2014,75%,U.S.A.,3.75,Hawaii
980,Lonohana,2013,71%,U.S.A.,3.0,Hawaii
981,Lonohana,2013,72%,U.S.A.,3.0,Hawaii
982,Lonohana,2013,70%,U.S.A.,3.5,Hawaii
983,Love Bar,2015,75%,U.S.A.,2.0,Nicaragua
984,Luker,2010,46%,Colombia,2.75,"Colombia, Ecuador"
985,Luker,2010,60%,Colombia,3.0,"Colombia, Ecuador"
986,Luker,2010,58%,Colombia,3.0,"Colombia, Ecuador"
987,Luker,2010,65%,Colombia,3.5,Colombia
988,Machu Picchu Trading Co.,2011,70%,Peru,1.5,Peru
989,Machu Picchu Trading Co.,2010,55%,Peru,2.25,Peru
990,Madecasse (Cinagra),2008,67%,Madagascar,3.5,Madagascar
991,Madecasse (Cinagra),2008,70%,Madagascar,3.75,Madagascar
992,Madecasse (Cinagra),2008,63%,Madagascar,4.0,Madagascar
993,Madecasse (Cinagra),2008,75%,Madagascar,3.5,Madagascar
994,Madre,2017,73%,U.S.A.,3.5,Solomon Islands
995,Madre,2013,70%,U.S.A.,2.75,Puerto Rico
996,Madre,2013,70%,U.S.A.,3.5,Brazil
997,Madre,2013,70%,U.S.A.,2.75,Hawaii
998,Madre,2013,70%,U.S.A.,2.75,Mexico
999,Madre,2012,70%,U.S.A.,3.25,Hawaii
1000,Madre,2012,70%,U.S.A.,3.25,Hawaii
1001,Madre,2012,70%,U.S.A.,3.5,Hawaii
1002,Madre,2011,70%,U.S.A.,2.5,Dominican Republic
1003,Madre,2011,70%,U.S.A.,2.75,Costa Rica
1004,Madre,2010,72%,U.S.A.,2.75,Mexico
1005,Maglio,2008,75%,Italy,2.0,Tanzania
1006,Maglio,2008,70%,Italy,3.0,Ecuador
1007,Maglio,2008,70%,Italy,3.25,Cuba
1008,Maglio,2008,70%,Italy,3.75,Dominican Republic
1009,Majani,2010,70%,Italy,2.0,Ecuador
1010,Malagasy (Chocolaterie Robert),2007,75%,Madagascar,2.75,Madagascar
1011,Malagasy (Chocolaterie Robert),2007,73%,Madagascar,3.5,Madagascar
1012,Malagos,2013,65%,Philippines,3.5,Philippines
1013,Malie Kai (Guittard),2010,55%,U.S.A.,3.5,Hawaii
1014,Malie Kai (Guittard),2009,55%,U.S.A.,2.75,Hawaii
1015,Malmo,2016,70%,Sweden,3.0,Venezuela
1016,Mana,2015,74%,U.S.A.,2.5,Ecuador
1017,Mana,2014,74%,U.S.A.,2.5,Peru
1018,Mana,2014,74%,U.S.A.,2.75,Venezuela
1019,Mana,2012,74%,U.S.A.,3.75,Dominican Republic
1020,Manifesto Cacao,2014,70%,Colombia,2.75,Colombia
1021,Manoa,2015,72%,U.S.A.,3.5,Papua New Guinea
1022,Manoa,2015,72%,U.S.A.,3.75,Costa Rica
1023,Manoa,2013,72%,U.S.A.,3.75,Hawaii
1024,Manoa,2012,72%,U.S.A.,3.25,Liberia
1025,Manoa,2012,72%,U.S.A.,2.75,Hawaii
1026,Manoa,2012,72%,U.S.A.,3.0,Peru
1027,Manoa,2012,72%,U.S.A.,3.25,Hawaii
1028,Manufaktura Czekolady,2016,70%,Poland,3.75,Nicaragua
1029,Manufaktura Czekolady,2016,70%,Poland,3.5,Peru
1030,Manufaktura Czekolady,2014,70%,Poland,3.75,Venezuela
1031,Manufaktura Czekolady,2014,85%,Poland,3.5,Colombia
1032,Manufaktura Czekolady,2012,70%,Poland,3.25,Dominican Republic
1033,Manufaktura Czekolady,2012,70%,Poland,3.5,Ghana
1034,Manufaktura Czekolady,2012,70%,Poland,3.25,Ecuador
1035,Map Chocolate,2016,75%,U.S.A.,3.25,Vietnam
1036,Map Chocolate,2015,70%,U.S.A.,3.5,Dominican Republic
1037,Map Chocolate,2015,62%,U.S.A.,3.5,Peru
1038,Map Chocolate,2015,70%,U.S.A.,3.5,Ecuador
1039,Map Chocolate,2015,70%,U.S.A.,2.75,Trinidad
1040,Map Chocolate,2015,70%,U.S.A.,3.5,Nicaragua
1041,Map Chocolate,2015,68%,U.S.A.,3.5,Peru
1042,Map Chocolate,2015,75%,U.S.A.,2.75,Colombia
1043,Map Chocolate,2015,72%,U.S.A.,3.0,Tanzania
1044,Map Chocolate,2015,78%,U.S.A.,3.5,Honduras
1045,Marana,2016,70%,Peru,3.0,Peru
1046,Marana,2016,70%,Peru,2.75,Peru
1047,Marana,2016,70%,Peru,3.0,Peru
1048,Marigold's Finest,2016,75%,Canada,3.25, 
1049,Marou,2015,85%,Vietnam,3.25,Vietnam
1050,Marou,2015,68%,Vietnam,3.5,Vietnam
1051,Marou,2015,70%,Vietnam,3.75,Vietnam
1052,Marou,2013,75%,Vietnam,3.5,Vietnam
1053,Marou,2012,76%,Vietnam,3.5,Vietnam
1054,Marou,2012,72%,Vietnam,3.5,Vietnam
1055,Marou,2012,70%,Vietnam,3.5,Vietnam
1056,Marou,2012,78%,Vietnam,3.5,Vietnam
1057,Marou,2012,80%,Vietnam,3.0,Vietnam
1058,Marou,2012,74%,Vietnam,3.5,Vietnam
1059,Mars,2010,65%,U.S.A.,3.0,Costa Rica
1060,Mars,2010,65%,U.S.A.,3.0,Ivory Coast
1061,Mars,2010,65%,U.S.A.,3.25,Nigeria
1062,Mars,2010,65%,U.S.A.,3.5,Ghana
1063,Marsatta,2013,74%,U.S.A.,2.25,Dominican Republic
1064,Marsatta,2013,89%,U.S.A.,2.5,Dominican Republic
1065,Martin Mayer,2016,76%,Austria,2.75,Bolivia
1066,Martin Mayer,2016,82%,Austria,3.0,Haiti
1067,Martin Mayer,2016,74%,Austria,3.25,Colombia
1068,Mast Brothers,2015,76%,U.S.A.,3.0,Guatemala
1069,Mast Brothers,2015,74%,U.S.A.,3.25,Tanzania
1070,Mast Brothers,2014,75%,U.S.A.,3.75,"Peru, Belize"
1071,Mast Brothers,2012,73%,U.S.A.,3.5,"Peru, Mad., Dom. Rep."
1072,Mast Brothers,2012,72%,U.S.A.,2.5,
1073,Mast Brothers,2012,73%,U.S.A.,2.75,Venezuela
1074,Mast Brothers,2011,72%,U.S.A.,3.5, 
1075,Mast Brothers,2011,76%,U.S.A.,3.0,Venezuela
1076,Mast Brothers,2011,70%,U.S.A.,3.0,Venezuela
1077,Mast Brothers,2011,81%,U.S.A.,2.75,Venezuela
1078,Mast Brothers,2011,70%,U.S.A.,3.5,Belize
1079,Mast Brothers,2011,71%,U.S.A.,2.75,Papua New Guinea
1080,Mast Brothers,2011,75%,U.S.A.,3.0,Peru
1081,Mast Brothers,2011,73%,U.S.A.,3.25,Dominican Republic
1082,Mast Brothers,2011,74%,U.S.A.,3.75,Dominican Republic
1083,Mast Brothers,2010,81%,U.S.A.,2.75,Venezuela
1084,Mast Brothers,2010,75%,U.S.A.,3.0,Venezuela
1085,Mast Brothers,2010,70%,U.S.A.,3.25,Dominican Republic
1086,Matale,2013,72%,Australia,3.5,Vanuatu
1087,Matale,2013,68%,Australia,4.0,Madagascar
1088,Matale,2013,74%,Australia,4.0,Papua New Guinea
1089,Matale,2013,70%,Australia,3.75,"PNG, Vanuatu, Mad"
1090,Maverick,2014,70%,U.S.A.,3.25,Belize
1091,Maverick,2014,70%,U.S.A.,3.25,Dominican Republic
1092,Maverick,2014,82%,U.S.A.,3.25,Peru
1093,Maverick,2014,63%,U.S.A.,3.5,Peru
1094,Mayacama,2016,72%,U.S.A.,3.0,Domincan Republic
1095,Meadowlands,2014,70%,U.S.A.,2.5,Bolivia
1096,Meadowlands,2014,70%,U.S.A.,2.75,Venezuela
1097,Meadowlands,2014,70%,U.S.A.,3.0,Belize
1098,Meadowlands,2014,70%,U.S.A.,3.0,Nicaragua
1099,Meadowlands,2014,70%,U.S.A.,3.5,Dominican Republic
1100,Menakao (aka Cinagra),2012,80%,Madagascar,2.5,Madagascar
1101,Menakao (aka Cinagra),2012,72%,Madagascar,2.5,Madagascar
1102,Mesocacao,2015,80%,Honduras,2.75,El Salvador
1103,Mesocacao,2015,70%,Honduras,3.0,El Salvador
1104,Mesocacao,2014,80%,Honduras,3.25,Honduras
1105,Mesocacao,2014,70%,Honduras,3.5,Honduras
1106,Mesocacao,2014,70%,Honduras,3.25,Nicaragua
1107,Mesocacao,2014,80%,Honduras,3.5,Nicaragua
1108,Metiisto,2014,70%,Sweden,3.0,Brazil
1109,Metiisto,2014,72%,Sweden,3.5,Madagascar
1110,Metropolitan,2015,70%,Amsterdam,3.5,South America
1111,Michel Cluizel,2012,66%,France,3.75,Mexico
1112,Michel Cluizel,2007,66%,France,3.5,Venezuela
1113,Michel Cluizel,2007,67%,France,3.5,Sao Tome
1114,Michel Cluizel,2006,60%,France,2.0, 
1115,Michel Cluizel,2006,85%,France,2.0, 
1116,Michel Cluizel,2006,70%,France,3.0,Sao Tome
1117,Michel Cluizel,2006,67%,France,4.0,Dominican Republic
1118,Michel Cluizel,2006,65%,France,4.0,Madagascar
1119,Michel Cluizel,2006,64%,France,4.0,Papua New Guinea
1120,Michel Cluizel,2006,99%,France,2.0, 
1121,Middlebury,2015,80%,U.S.A.,3.5,Belize
1122,Middlebury,2015,70%,U.S.A.,3.5,Trinidad
1123,Middlebury,2015,75%,U.S.A.,3.75,Dominican Republic
1124,Middlebury,2015,75%,U.S.A.,3.75,Venezuela
1125,Middlebury,2015,75%,U.S.A.,3.25,Tanzania
1126,Middlebury,2015,70%,U.S.A.,3.5,Nicaragua
1127,Middlebury,2013,75%,U.S.A.,2.5,Dominican Republic
1128,Middlebury,2013,80%,U.S.A.,3.25,Belize
1129,Middlebury,2012,65%,U.S.A.,1.5, 
1130,Middlebury,2012,75%,U.S.A.,2.0,Bolivia
1131,Middlebury,2012,70%,U.S.A.,2.5,Indonesia
1132,Millcreek Cacao Roasters,2013,70%,U.S.A.,2.5,Ecuador
1133,Millcreek Cacao Roasters,2012,70%,U.S.A.,3.5,Ecuador
1134,Mindo,2010,67%,U.S.A.,2.75,Ecuador
1135,Mindo,2010,77%,U.S.A.,2.75,Ecuador
1136,Minimal,2016,70%,Japan,3.5,Haiti
1137,Mission,2016,75%,Brazil,3.75,Brazil
1138,Mission,2015,70%,Brazil,3.5,Brazil
1139,Mita,2012,65%,Colombia,2.5,Colombia
1140,Moho,2013,73%,U.S.A.,3.25,Belize
1141,Moho,2013,72%,U.S.A.,3.0,Belize
1142,Moho,2010,67%,U.S.A.,2.75,Belize
1143,Molucca,2015,70%,U.S.A.,3.0,Domincan Republic
1144,Molucca,2015,70%,U.S.A.,2.75,Indonesia
1145,Molucca,2015,70%,U.S.A.,3.25,Peru
1146,Momotombo,2011,70%,Nicaragua,2.75,Nicaragua
1147,Momotombo,2011,70%,Nicaragua,2.75,Nicaragua
1148,Momotombo,2011,70%,Nicaragua,3.25,Nicaragua
1149,Monarque,2016,72%,Canada,3.5,Dominican Republic
1150,Monsieur Truffe,2014,70%,Australia,3.25,Papua New Guinea
1151,Montecristi,2015,70%,Ecuador,3.25,Ecuador
1152,Montecristi,2015,63%,Ecuador,3.5,Ecuador
1153,Montecristi,2015,85%,Ecuador,3.5,Ecuador
1154,Muchomas (Mesocacao),2015,70%,U.S.A.,3.5,Nicaragua
1155,Muchomas (Mesocacao),2015,80%,U.S.A.,3.5,Nicaragua
1156,Mutari,2016,68%,U.S.A.,2.75,Tanzania
1157,Mutari,2016,71%,U.S.A.,2.75,Domincan Republic
1158,Mutari,2016,68%,U.S.A.,2.75,Madagascar
1159,Mutari,2016,80%,U.S.A.,3.0,Vietnam
1160,Nahua,2013,58%,Costa Rica,2.5,Costa Rica
1161,Nahua,2013,70%,Costa Rica,3.0,Costa Rica
1162,Naive,2013,70%,Lithuania,3.75,"Trinidad, Tobago"
1163,Naive,2013,78%,Lithuania,3.75,Peru
1164,Naive,2012,71%,Lithuania,2.5,Grenada
1165,Na�ve,2014,70%,Lithuania,3.25,Nicaragua
1166,Na�ve,2014,75%,Lithuania,2.75,Venezuela
1167,Na�ve,2014,70%,Lithuania,3.0,Venezuela
1168,Nanea,2013,85%,U.S.A.,3.5,Hawaii
1169,Nathan Miller,2014,72%,U.S.A.,2.25,Peru
1170,Nathan Miller,2014,70%,U.S.A.,2.5,Dominican Republic
1171,Nathan Miller,2014,73.5%,U.S.A.,2.5,Madagascar
1172,Nathan Miller,2014,70%,U.S.A.,3.5,Ghana
1173,Neuhaus (Callebaut),2010,70%,Belgium,2.5,Papua New Guinea
1174,Neuhaus (Callebaut),2008,67%,Belgium,3.75,Trinidad
1175,Neuhaus (Callebaut),2007,73%,Belgium,1.0, 
1176,Neuhaus (Callebaut),2006,73%,Belgium,2.0,West Africa
1177,Neuhaus (Callebaut),2006,75%,Belgium,2.75,Sao Tome
1178,Neuhaus (Callebaut),2006,71%,Belgium,3.0,Venezuela
1179,Nibble,2015,72%,U.S.A.,2.25,Venezuela
1180,Nibble,2015,72%,U.S.A.,2.75,Dominican Republic
1181,Nibble,2015,72%,U.S.A.,3.0,Madagascar
1182,Nibble,2015,72%,U.S.A.,3.0,Peru
1183,Night Owl,2013,75%,U.S.A.,2.75,Peru
1184,Night Owl,2013,75%,U.S.A.,3.5,Ecuador
1185,Noble Bean aka Jerjobo,2014,75%,U.S.A.,3.0,Ghana
1186,Noble Bean aka Jerjobo,2014,75%,U.S.A.,3.0,Belize
1187,Noble Bean aka Jerjobo,2014,75%,U.S.A.,3.25,Peru
1188,Noir d' Ebine,2012,70%,U.S.A.,3.0,Venezuela
1189,Noir d' Ebine,2012,70%,U.S.A.,3.0,Ecuador
1190,Nova Monda,2012,70%,Nicaragua,3.0,Nicaragua
1191,Nova Monda,2012,75%,Nicaragua,2.75,Nicaragua
1192,Nova Monda,2012,80%,Nicaragua,3.25,Ecuador
1193,Nuance,2015,70%,U.S.A.,3.75,Ghana
1194,Nuance,2015,70%,U.S.A.,2.75,Ecuador
1195,Nuance,2015,70%,U.S.A.,3.0,Venezuela
1196,Nuance,2015,70%,U.S.A.,3.5,Madagascar
1197,Nuance,2015,70%,U.S.A.,3.75,Dominican Republic
1198,Nugali,2016,70%,Brazil,3.5,Brazil
1199,Oakland Chocolate Co.,2010,70%,U.S.A.,2.5,Jamaica
1200,Obolo,2015,70%,Chile,3.75,Peru
1201,Obolo,2015,70%,Chile,3.75,Peru
1202,Ocelot,2015,70%,Scotland,3.75,Congo
1203,Ocelot,2015,75%,Scotland,4.0,Peru
1204,Ocho,2016,100%,New Zealand,2.75,Samoa
1205,Ocho,2016,70%,New Zealand,3.5,Samoa
1206,Ocho,2014,66%,New Zealand,2.75,Papua New Guinea
1207,Ocho,2014,70%,New Zealand,3.0,Papua New Guinea
1208,Ocho,2014,88%,New Zealand,3.25,Papua New Guinea
1209,Ocho,2014,74%,New Zealand,3.5,Papua New Guinea
1210,Ohiyo,2015,70%,U.S.A.,2.75,Trinidad
1211,Ohiyo,2015,70%,U.S.A.,3.0,Tanzania
1212,Oialla by Bojessen (Malmo),2011,70%,Germany,3.5,Bolivia
1213,Olive and Sinclair,2010,72%,U.S.A.,3.0,Dominican Republic
1214,Olive and Sinclair,2010,72%,U.S.A.,3.0,Ghana
1215,Olive and Sinclair,2009,67%,U.S.A.,2.75,"Ghana, Domin. Rep"
1216,Olive and Sinclair,2009,75%,U.S.A.,3.0,"Ghana, Domin. Rep"
1217,Olivia,2011,76%,Canada,2.0,Carribean
1218,Olivia,2011,76%,Canada,2.75,Carribean
1219,Olivia,2011,85%,Canada,2.75,Carribean
1220,Olivia,2011,85%,Canada,3.0,Carribean
1221,Omanhene,2011,80%,Ghana,2.75,Ghana
1222,Omnom,2016,70%,Iceland,3.75,Tanzania
1223,Omnom,2014,70%,Iceland,3.0,Papua New Guinea
1224,Omnom,2014,66%,Iceland,3.5,Madagascar
1225,organicfair,2013,74%,Canada,2.75,Belize
1226,organicfair,2013,72%,Canada,2.75,Dominican Republic
1227,organicfair,2013,72%,Canada,2.75,Nicaragua
1228,organicfair,2013,72%,Canada,3.0,Dominican Republic
1229,organicfair,2013,72%,Canada,3.0,Ecuador
1230,Original Beans (Felchlin),2014,68%,Switzerland,2.75,Papua New Guinea
1231,Original Beans (Felchlin),2014,80%,Switzerland,3.25, 
1232,Original Beans (Felchlin),2011,66%,Switzerland,3.75,Bolivia
1233,Original Beans (Felchlin),2009,70%,Switzerland,3.0,Congo
1234,Original Beans (Felchlin),2009,75%,Switzerland,3.0,Peru
1235,Original Beans (Felchlin),2009,68%,Switzerland,3.25,Bolivia
1236,Original Hawaiin Chocolate Factory,2009,60%,U.S.A.,3.0,Hawaii
1237,Original Hawaiin Chocolate Factory,2006,60%,U.S.A.,3.0,Hawaii
1238,Orquidea,2012,65%,Peru,3.0,Peru
1239,Orquidea,2012,72%,Peru,3.0,Peru
1240,Pacari,2016,70%,Ecuador,4.0,Colombia
1241,Pacari,2014,70%,Ecuador,3.25,Ecuador
1242,Pacari,2014,70%,Ecuador,3.5,Ecuador
1243,Pacari,2014,70%,Ecuador,3.75,Ecuador
1244,Pacari,2014,70%,Ecuador,4.0,Ecuador
1245,Pacari,2012,85%,Ecuador,2.75,Ecuador
1246,Pacari,2012,70%,Ecuador,4.0,Peru
1247,Pacari,2011,70%,Ecuador,3.5,Ecuador
1248,Pacari,2008,60%,Ecuador,2.5,Ecuador
1249,Pacari,2008,65%,Ecuador,2.75,Ecuador
1250,Pacari,2008,72%,Ecuador,3.0,Ecuador
1251,Pacari,2008,100%,Ecuador,2.0,Ecuador
1252,Pacari,2008,70%,Ecuador,3.5,Ecuador
1253,Palette de Bine,2016,70%,Canada,2.75,Guatemala
1254,Palette de Bine,2016,72%,Canada,3.0,Belize
1255,Palette de Bine,2015,70%,Canada,3.25,Bolivia
1256,Palette de Bine,2015,70%,Canada,3.25,Trinidad
1257,Palette de Bine,2015,72%,Canada,3.5,Tanzania
1258,Palette de Bine,2015,72%,Canada,3.75,Vietnam
1259,Palette de Bine,2014,72%,Canada,2.75,Bolivia
1260,Palette de Bine,2014,78%,Canada,3.75,Madagascar
1261,Palette de Bine,2014,75%,Canada,2.75,Ecuador
1262,Palette de Bine,2014,75%,Canada,3.5,"Trinidad, Ecuador"
1263,Palette de Bine,2014,70%,Canada,3.75,Trinidad
1264,Pangea,2016,76%,Spain,3.0,Fiji
1265,Park 75,2014,65%,U.S.A.,3.5,South America
1266,Parliament,2016,70%,U.S.A.,3.25,Tanzania
1267,Parliament,2015,70%,U.S.A.,3.5,Guatemala
1268,Parliament,2014,70%,U.S.A.,3.0,Bolivia
1269,Parliament,2014,70%,U.S.A.,3.5,Dominican Republic
1270,Pascha,2013,55%,Peru,2.5,Peru
1271,Pascha,2013,70%,Peru,2.75,Peru
1272,Patric,2011,70%,U.S.A.,3.75, 
1273,Patric,2009,75%,U.S.A.,4.0,Madagascar
1274,Patric,2009,67%,U.S.A.,3.5,Madagascar
1275,Patric,2009,70%,U.S.A.,3.5,Venezuela
1276,Patric,2007,70%,U.S.A.,4.0,Madagascar
1277,Patric,2013,67%,U.S.A.,4.0,Peru
1278,Paul Young,2014,73%,U.K.,2.25,Madagascar
1279,Paul Young,2014,64%,U.K.,2.75,Madagascar
1280,Peppalo,2015,82%,U.S.A.,3.0,Dominican Republic
1281,Pierre Marcolini,2015,70%,Belgium,3.25,Cameroon
1282,Pierre Marcolini,2010,75%,Belgium,3.0,Venezuela
1283,Pierre Marcolini,2010,75%,Belgium,3.25,Trinidad
1284,Pierre Marcolini,2010,78%,Belgium,3.75,Cuba
1285,Pierre Marcolini,2010,85%,Belgium,3.0,Peru
1286,Pierre Marcolini,2009,72%,Belgium,3.0,Brazil
1287,Pierre Marcolini,2009,72%,Belgium,3.0,Mexico
1288,Pierre Marcolini,2007,70%,Belgium,4.0,"Venezuela, Java"
1289,Pierre Marcolini,2007,72%,Belgium,3.75,Ecuador
1290,Pierre Marcolini,2007,72%,Belgium,4.0,Madagascar
1291,Pierre Marcolini,2007,85%,Belgium,3.5,Venezuela/ Ghana
1292,Pierre Marcolini,2006,72%,Belgium,4.0,Mexico
1293,Pierre Marcolini,2006,72%,Belgium,3.0,Indonesia
1294,Pierre Marcolini,2006,72%,Belgium,4.0,Venezuela
1295,Pinellas,2016,80%,U.S.A.,2.5,Honduras
1296,Pitch Dark,2015,62%,U.S.A.,2.5,Nicaragua
1297,Pitch Dark,2015,80%,U.S.A.,2.75,Nicaragua
1298,Pitch Dark,2015,80%,U.S.A.,2.75,Nicaragua
1299,Pitch Dark,2015,80%,U.S.A.,2.75,Nicaragua
1300,Pitch Dark,2015,80%,U.S.A.,3.25,Nicaragua
1301,Pitch Dark,2014,73%,U.S.A.,3.25,Madagascar
1302,Pitch Dark,2014,73%,U.S.A.,2.5,Fiji
1303,Pitch Dark,2014,73%,U.S.A.,3.25,Ecuador
1304,Pitch Dark,2014,73%,U.S.A.,3.5,Ecuador
1305,Pomm (aka Dead Dog),2012,76%,U.S.A.,2.5,Dominican Republic
1306,Pomm (aka Dead Dog),2012,82%,U.S.A.,2.75,Peru
1307,Potomac,2016,70%,U.S.A.,3.75,Domincan Republic
1308,Potomac,2014,70%,U.S.A.,3.75,Venezuela
1309,Potomac,2011,70%,U.S.A.,3.5,Costa Rica
1310,Potomac,2011,70%,U.S.A.,3.0,Costa Rica
1311,Potomac,2011,70%,U.S.A.,2.75,Peru
1312,Potomac,2011,70%,U.S.A.,3.5,Brazil
1313,Potomac,2010,82%,U.S.A.,3.75,Costa Rica
1314,Pralus,2015,75%,France,3.25,Peru
1315,Pralus,2011,75%,France,3.25,Venezuela
1316,Pralus,2010,75%,France,3.5,Venezuela
1317,Pralus,2009,75%,France,2.0,Venezuela
1318,Pralus,2008,75%,France,3.0,Papua New Guinea
1319,Pralus,2008,100%,France,3.0,Madagascar
1320,Pralus,2008,75%,France,2.0,Dominican Republic
1321,Pralus,2008,75%,France,3.5,Brazil
1322,Pralus,2007,75%,France,4.0,Sao Tome
1323,Pralus,2006,75%,France,3.0,Brazil
1324,Pralus,2006,75%,France,3.5,Tanzania
1325,Pralus,2006,75%,France,3.5,Sao Tome & Principe
1326,Pralus,2006,75%,France,3.5,Trinidad
1327,Pralus,2006,75%,France,3.75,Madagascar
1328,Pralus,2006,75%,France,3.5,Indonesia
1329,Pralus,2006,75%,France,3.5,Venezuela
1330,Pralus,2006,75%,France,4.0,Jamaica
1331,Pralus,2006,75%,France,3.0,Ecuador
1332,Pralus,2006,75%,France,3.0,Vanuatu
1333,Pralus,2006,75%,France,3.25,Ghana
1334,Pralus,2006,75%,France,3.5,Colombia
1335,Pralus,2006,80%,France,4.0,Ecuador
1336,Pralus,2006,75%,France,3.0,Cuba
1337,Pralus,2006,75%,France,3.0,"Venezuela, Ghana"
1338,Pralus,2006,75%,France,3.5,"Indonesia, Ghana"
1339,Pump Street Bakery,2016,77%,U.K.,3.5,Ecuador
1340,Pump Street Bakery,2015,70%,U.K.,3.5,Grenada
1341,Pump Street Bakery,2015,74%,U.K.,3.5,Madagascar
1342,Pump Street Bakery,2015,80%,U.K.,2.75,Honduras
1343,Pump Street Bakery,2014,75%,U.K.,2.75,Venezuela
1344,Pump Street Bakery,2014,75%,U.K.,3.0,Ecuador
1345,Pump Street Bakery,2014,72%,U.K.,3.25,Madagascar
1346,Pump Street Bakery,2014,85%,U.K.,2.75,Ecuador
1347,Pura Delizia,2012,73%,Italy,2.75,Venezuela
1348,Q Chocolate,2013,75%,Brazil,3.25,Brazil
1349,Q Chocolate,2013,85%,Brazil,3.5,Brazil
1350,Q Chocolate,2013,55%,Brazil,2.75,Brazil
1351,Q Chocolate,2013,80%,Brazil,3.25,Brazil
1352,Q Chocolate,2012,60%,Brazil,3.0,Brazil
1353,Q Chocolate,2012,65%,Brazil,3.25,Brazil
1354,Quetzalli (Wolter),2016,70%,Mexico,2.75,Mexico
1355,Quetzalli (Wolter),2016,74%,Mexico,3.0,Mexico
1356,Raaka,2016,70%,U.S.A.,3.0,"Peru(SMartin,Pangoa,nacional)"
1357,Raaka,2015,75%,U.S.A.,2.75,Congo
1358,Raaka,2012,75%,U.S.A.,3.25,Madagascar
1359,Raaka,2011,85%,U.S.A.,3.5,Dominican Republic
1360,Rain Republic,2010,70%,Guatemala,2.75,Guatemala
1361,Rancho San Jacinto,2010,75%,Ecuador,3.0,Ecuador
1362,Ranger,2015,70%,U.S.A.,2.5,Peru
1363,Ranger,2015,80%,U.S.A.,3.25,Peru
1364,Ranger,2015,73%,U.S.A.,3.5,Peru
1365,Raoul Boulanger,2016,75%,France,3.25,Peru
1366,Raw Cocoa,2012,70%,Poland,2.5, 
1367,Republica del Cacao (aka Confecta),2010,75%,Ecuador,3.25,Ecuador
1368,Republica del Cacao (aka Confecta),2009,75%,Ecuador,2.5,Ecuador
1369,Republica del Cacao (aka Confecta),2007,75%,Ecuador,3.0,Ecuador
1370,Republica del Cacao (aka Confecta),2007,67%,Ecuador,3.5,Ecuador
1371,Republica del Cacao (aka Confecta),2007,75%,Ecuador,3.75,Ecuador
1372,Ritual,2016,75%,U.S.A.,3.75,Ecuador
1373,Ritual,2015,85%,U.S.A.,3.5,Ecuador
1374,Ritual,2015,70%,U.S.A.,3.5, 
1375,Ritual,2013,75%,U.S.A.,3.75,Belize
1376,Ritual,2013,75%,U.S.A.,3.0,Peru
1377,Ritual,2012,75%,U.S.A.,4.0,Madagascar
1378,Ritual,2012,75%,U.S.A.,3.25,Ecuador
1379,Ritual,2012,75%,U.S.A.,3.5,Trinidad
1380,Ritual,2011,75%,U.S.A.,3.5,Costa Rica
1381,Roasting Masters,2016,70%,South Korea,3.25,Costa Rica
1382,Roasting Masters,2016,70%,South Korea,3.25,Costa Rica
1383,Roasting Masters,2016,70%,South Korea,3.25,Costa Rica
1384,Robert (aka Chocolaterie Robert),2013,75%,Madagascar,3.25,Madagascar
1385,Robert (aka Chocolaterie Robert),2013,68%,Madagascar,3.25,Madagascar
1386,Rococo (Grenada Chocolate Co.),2012,66%,U.K.,3.5,Grenada
1387,Rogue,2016,75%,U.S.A.,3.75,Honduras
1388,Rogue,2015,70%,U.S.A.,3.75,Venezuela
1389,Rogue,2015,75%,U.S.A.,3.25,Bolivia
1390,Rogue,2014,80%,U.S.A.,3.75,Venezuela
1391,Rogue,2013,70%,U.S.A.,3.5,Madagascar
1392,Rogue,2013,70%,U.S.A.,3.5,Dominican Republic
1393,Rogue,2013,75%,U.S.A.,4.0,Bolivia
1394,Rogue,2013,75%,U.S.A.,3.75,Jamaica
1395,Rogue,2012,75%,U.S.A.,3.75,Ecuador
1396,Rogue,2011,75%,U.S.A.,3.0,Bolivia
1397,Rogue,2010,75%,U.S.A.,3.75,Peru
1398,Rogue,2009,70%,U.S.A.,3.5,Venezuela
1399,Rogue,2008,70%,U.S.A.,2.75,Dominican Republic
1400,Rogue,2008,70%,U.S.A.,2.75,Jamaica
1401,Rogue,2008,70%,U.S.A.,2.75,Madagascar
1402,Rogue,2008,70%,U.S.A.,3.0,Trinidad
1403,Rozsavolgyi,2012,84%,Hungary,2.5,Venezuela
1404,Rozsavolgyi,2012,76%,Hungary,2.25,Venezuela
1405,Rozsavolgyi,2012,72%,Hungary,2.5,Madagascar
1406,Rozsavolgyi,2011,73%,Hungary,3.5,Venezuela
1407,Rozsavolgyi,2011,71%,Hungary,2.5,Venezuela
1408,Rozsavolgyi,2011,70%,Hungary,3.5,Venezuela
1409,Rozsavolgyi,2011,77%,Hungary,2.75,Principe
1410,S.A.I.D.,2010,64%,Italy,3.5,Madagascar
1411,S.A.I.D.,2010,100%,Italy,1.5, 
1412,S.A.I.D.,2010,70%,Italy,3.0,Dominican Republic
1413,S.A.I.D.,2010,72%,Italy,3.5,Carribean
1414,S.A.I.D.,2010,72%,Italy,3.5, 
1415,Sacred,2012,83%,U.S.A.,2.75,Central and S. America
1416,Sacred,2012,69%,U.S.A.,3.25,Central and S. America
1417,Salgado,2008,70%,Argentina,3.5,Brazil
1418,Salgado,2008,70%,Argentina,3.5,Ecuador
1419,Salgado,2008,70%,Argentina,3.5,Venezuela
1420,Salgado,2008,70%,Argentina,3.5,Ecuador
1421,Santander (Compania Nacional),2009,75%,Colombia,2.75,Colombia
1422,Santander (Compania Nacional),2009,70%,Colombia,3.0,Colombia
1423,Santander (Compania Nacional),2006,53%,Colombia,2.0,Colombia
1424,Santander (Compania Nacional),2006,65%,Colombia,3.0,Colombia
1425,Santander (Compania Nacional),2006,70%,Colombia,4.0,Colombia
1426,Santome,2011,70%,France,2.75,Sao Tome
1427,Scharffen Berger,2012,78%,U.S.A.,4.0,Peru
1428,Scharffen Berger,2011,68%,U.S.A.,3.75,Papua New Guinea
1429,Scharffen Berger,2010,68%,U.S.A.,3.5,Grenada
1430,Scharffen Berger,2010,65%,U.S.A.,3.75,Madagascar
1431,Scharffen Berger,2009,68%,U.S.A.,3.75,Brazil
1432,Scharffen Berger,2009,65%,U.S.A.,4.0,Ghana
1433,Scharffen Berger,2009,72%,U.S.A.,3.75,Vietnam
1434,Scharffen Berger,2008,72%,U.S.A.,3.0,"Ven., Trinidad, Mad."
1435,Scharffen Berger,2007,72%,U.S.A.,3.0,Carribean(DR/Jam/Tri)
1436,Scharffen Berger,2007,62%,U.S.A.,3.0, 
1437,Scharffen Berger,2007,75%,U.S.A.,3.75,Venezuela
1438,Scharffen Berger,2007,75%,U.S.A.,3.0,Carribean
1439,Scharffen Berger,2006,82%,U.S.A.,2.0, 
1440,Scharffen Berger,2006,70%,U.S.A.,3.5, 
1441,Scharffen Berger,2006,68%,U.S.A.,2.0,Ghana & Madagascar
1442,Scharffen Berger,2006,70%,U.S.A.,2.0,Jamaica
1443,Scharffen Berger,2006,62%,U.S.A.,3.0, 
1444,Seaforth,2015,70%,U.K.,2.75,Domincan Republic
1445,Seaforth,2015,70%,U.K.,2.75,Grenada
1446,Shark Mountain,2015,72%,U.S.A.,3.25,Jamaica
1447,Shark Mountain,2015,73%,U.S.A.,3.5,Papua New Guinea
1448,Shark Mountain,2015,77%,U.S.A.,2.75,Venezuela
1449,Shark Mountain,2015,74%,U.S.A.,3.5,Dominican Republic
1450,Shark Mountain,2014,75%,U.S.A.,3.0,Ecuador
1451,Shark Mountain,2014,72%,U.S.A.,3.25,Belize
1452,Shark's,2011,73%,U.S.A.,2.0,Hawaii
1453,Shark's,2011,73%,U.S.A.,2.5,Hawaii
1454,Shattel,2016,70%,Peru,3.25,Peru
1455,Shattell,2011,75%,Peru,3.5,Peru
1456,Sibu,2015,82%,Costa Rica,3.25,Costa Rica
1457,Sibu,2015,70%,Costa Rica,3.5,Costa Rica
1458,Sibu Sura,2012,70%,U.S.A.,2.5,Peru
1459,Silvio Bessone,2011,67%,Italy,3.0,Belize
1460,Silvio Bessone,2011,65%,Italy,3.25,Sao Tome
1461,Silvio Bessone,2011,60%,Italy,3.25,Brazil
1462,Silvio Bessone,2011,68%,Italy,3.0,Colombia
1463,Sirene,2016,73%,Canada,3.5,Bolivia
1464,Sirene,2016,73%,Canada,3.5,Tanzania
1465,Sirene,2016,73%,Canada,3.75,Ecuador
1466,Sirene,2015,100%,Canada,3.0,Madagascar
1467,Sirene,2015,100%,Canada,3.0,Ecuador
1468,Sirene,2015,73%,Canada,3.0,Guatemala
1469,Sirene,2015,73%,Canada,3.25,Guatemala
1470,Sirene,2015,73%,Canada,3.25,Haiti
1471,Sirene,2014,67%,Canada,3.75,Madagascar
1472,Sirene,2014,73%,Canada,3.75,Madagascar
1473,Sirene,2014,73%,Canada,3.75,Ecuador
1474,Sjolinds,2015,70%,U.S.A.,2.75,Ghana
1475,Sjolinds,2015,72%,U.S.A.,3.0,Nicaragua
1476,"Smooth Chocolator, The",2017,70%,Australia,3.5,Dominican Republic
1477,"Smooth Chocolator, The",2016,70%,Australia,3.75,Venezuela
1478,"Smooth Chocolator, The",2016,70%,Australia,4.0,Ecuador
1479,"Smooth Chocolator, The",2016,70%,Australia,3.75,Belize
1480,"Smooth Chocolator, The",2016,70%,Australia,3.0,Vietnam
1481,"Smooth Chocolator, The",2016,67%,Australia,3.75,Australia
1482,"Smooth Chocolator, The",2016,70%,Australia,3.25,Guatemala
1483,"Smooth Chocolator, The",2015,65%,Australia,3.25,Madagascar
1484,"Smooth Chocolator, The",2015,70%,Australia,3.5,Madagascar
1485,"Smooth Chocolator, The",2015,67%,Australia,3.75,Tanzania
1486,"Smooth Chocolator, The",2015,70%,Australia,3.75,Trinidad
1487,"Smooth Chocolator, The",2015,72%,Australia,4.0,Ecuador
1488,"Smooth Chocolator, The",2015,72%,Australia,2.75,Bolivia
1489,"Smooth Chocolator, The",2015,65%,Australia,3.5,Papua New Guinea
1490,"Smooth Chocolator, The",2015,67%,Australia,3.0,Peru
1491,"Smooth Chocolator, The",2015,70%,Australia,3.75,Venezuela
1492,Snake & Butterfly,2011,67%,U.S.A.,1.5,Ghana
1493,Snake & Butterfly,2010,68%,U.S.A.,3.0,Madagascar
1494,Snake & Butterfly,2010,68%,U.S.A.,3.25,Ecuador
1495,Sol Cacao,2016,70%,U.S.A.,3.5,Ecuador
1496,Sol Cacao,2015,72%,U.S.A.,3.0,Madagascar
1497,Solkiki,2016,68%,U.K.,2.75,Peru
1498,Solkiki,2016,85%,U.K.,2.75,Domincan Republic
1499,Solomons Gold,2016,70%,New Zealand,3.25,Solomon Islands
1500,Solomons Gold,2016,75%,New Zealand,3.25,Solomon Islands
1501,Solstice,2014,70%,U.S.A.,3.0,Uganda
1502,Solstice,2013,70%,U.S.A.,3.0,Madagascar
1503,Solstice,2013,70%,U.S.A.,3.0,Venezuela
1504,Solstice,2013,70%,U.S.A.,3.25,Bolivia
1505,Solstice,2013,70%,U.S.A.,3.25,Peru
1506,Solstice,2013,70%,U.S.A.,3.5, 
1507,Soma,2016,62%,Canada,3.5,Domincan Republic
1508,Soma,2016,70%,Canada,3.5,Madagascar
1509,Soma,2016,70%,Canada,3.5,Brazil
1510,Soma,2016,75%,Canada,3.75,"Ven.,Ecu.,Peru,Nic."
1511,Soma,2016,70%,Canada,3.75,Nicaragua
1512,Soma,2016,70%,Canada,4.0,Vietnam
1513,Soma,2016,70%,Canada,3.25,Ecuador
1514,Soma,2015,70%,Canada,3.5,Venezuela
1515,Soma,2015,75%,Canada,4.0,Venezuela
1516,Soma,2014,70%,Canada,3.5,Nicaragua
1517,Soma,2014,70%,Canada,3.75,Peru
1518,Soma,2014,70%,Canada,3.25,Nicaragua
1519,Soma,2014,80%,Canada,3.5,Ecuador
1520,Soma,2014,70%,Canada,3.75,Vanuatu
1521,Soma,2014,70%,Canada,3.25,Madagascar & Ecuador
1522,Soma,2013,77%,Canada,3.75,Dominican Republic
1523,Soma,2013,70%,Canada,3.25,Indonesia
1524,Soma,2013,70%,Canada,2.75,Peru
1525,Soma,2013,70%,Canada,3.75,Trinidad
1526,Soma,2013,70%,Canada,3.25, 
1527,Soma,2013,70%,Canada,3.75,Venezuela
1528,Soma,2013,88%,Canada,4.0,"Guat., D.R., Peru, Mad., PNG"
1529,Soma,2013,70%,Canada,4.0,Venezuela
1530,Soma,2013,67%,Canada,4.0,"Peru, Dom. Rep"
1531,Soma,2013,70%,Canada,3.25,Venezuela
1532,Soma,2013,70%,Canada,4.0,Jamaica
1533,Soma,2012,70%,Canada,3.25,Haiti
1534,Soma,2012,70%,Canada,3.75,Hawaii
1535,Soma,2012,70%,Canada,4.0,"Dom. Rep., Madagascar"
1536,Soma,2012,70%,Canada,4.0,"Gre., PNG, Haw., Haiti, Mad"
1537,Soma,2012,70%,Canada,3.5,Guatemala
1538,Soma,2012,70%,Canada,3.75,Venezuela
1539,Soma,2012,70%,Canada,3.5,"Mad., Java, PNG"
1540,Soma,2012,85%,Canada,3.5,Papua New Guinea
1541,Soma,2011,70%,Canada,2.75,Grenada
1542,Soma,2011,70%,Canada,3.5,Bolivia
1543,Soma,2011,64%,Canada,4.0,Peru
1544,Soma,2011,70%,Canada,4.0,"Ven, Bolivia, D.R."
1545,Soma,2011,70%,Canada,3.75,Dominican Republic
1546,Soma,2011,70%,Canada,3.5,Venezuela
1547,Soma,2010,70%,Canada,3.75,"DR, Ecuador, Peru"
1548,Soma,2009,70%,Canada,3.0,Dominican Republic
1549,Soma,2009,70%,Canada,3.5,Ghana
1550,Soma,2009,70%,Canada,3.0,Dominican Republic
1551,Soma,2009,70%,Canada,3.5,Papua New Guinea
1552,Soma,2009,70%,Canada,3.75,Madagascar
1553,Soma,2009,70%,Canada,3.75,Venezuela
1554,Somerville,2014,70%,U.S.A.,3.25,Nicaragua
1555,Somerville,2014,70%,U.S.A.,3.5,Hawaii
1556,Soul,2017,70%,Canada,3.25,Dominican Republic
1557,Soul,2017,70%,Canada,3.5,Madagascar
1558,Soul,2017,75%,Canada,3.5,Venezuela
1559,Soul,2017,75%,Canada,3.25,Ecuador
1560,Soul,2017,77%,Canada,3.25,Papua New Guinea
1561,Soul,2017,80%,Canada,3.5,Tanzania
1562,Spagnvola,2012,70%,U.S.A.,3.0,Dominican Republic
1563,Spagnvola,2012,80%,U.S.A.,3.0,Dominican Republic
1564,Spagnvola,2012,75%,U.S.A.,3.25,Dominican Republic
1565,Spencer,2017,70%,U.S.A.,3.75,Dominican Republic
1566,Spencer,2017,70%,U.S.A.,3.5,Ecuador
1567,Spencer,2017,70%,U.S.A.,2.75,Peru
1568,Spencer,2016,70%,Australia,3.5,Domincan Republic
1569,Spencer,2016,70%,Australia,3.75,Ecuador
1570,Spencer,2016,70%,Australia,3.75,Madagascar
1571,Spencer,2014,72%,Australia,2.75,Vanuatu
1572,Sprungli (Felchlin),2013,70%,Switzerland,3.0,Bolivia
1573,SRSLY,2013,70%,U.S.A.,3.0,Dominican Republic
1574,SRSLY,2013,84%,U.S.A.,2.25,Dominican Republic
1575,Starchild,2015,70%,U.S.A.,3.0,Ecuador
1576,Starchild,2015,70%,U.S.A.,3.0,Domincan Republic
1577,Starchild,2015,70%,U.S.A.,3.0,Guatemala
1578,Starchild,2015,70%,U.S.A.,3.0,Nicaragua
1579,Starchild,2015,70%,U.S.A.,3.0,Madagascar
1580,Stella (aka Bernrain),2012,68%,Switzerland,2.75,Brazil
1581,Stella (aka Bernrain),2011,72%,Switzerland,3.25,India
1582,Stone Grindz,2014,84%,U.S.A.,3.5,Ecuador
1583,Stone Grindz,2014,70%,U.S.A.,3.5,Ecuador
1584,StRita Supreme,2012,65%,U.S.A.,2.5,Philippines
1585,StRita Supreme,2012,70%,U.S.A.,2.5,Philippines
1586,StRita Supreme,2012,75%,U.S.A.,2.75,Philippines
1587,Sublime Origins,2013,67%,U.S.A.,2.75,Madagascar
1588,Sublime Origins,2013,78%,U.S.A.,3.25,Belize
1589,Summerbird,2016,61%,Denmark,2.5,Peru
1590,Summerbird,2016,71%,Denmark,3.0,Peru
1591,Suruca Chocolate,2016,70%,Venezuela,2.75,Venezuela
1592,Suruca Chocolate,2016,60%,Venezuela,3.0,Venezuela
1593,Svenska Kakaobolaget,2015,70%,Sweden,2.75,Sri Lanka
1594,Szanto Tibor,2015,70%,Hungary,3.25,Ecuador
1595,Szanto Tibor,2015,88%,Hungary,3.25,Cuba
1596,Szanto Tibor,2015,70%,Hungary,3.25,Madagascar
1597,Szanto Tibor,2015,70%,Hungary,3.75,Ecuador
1598,Szanto Tibor,2015,70%,Hungary,3.25,Vietnam
1599,Szanto Tibor,2015,70%,Hungary,3.5,Brazil
1600,Szanto Tibor,2014,70%,Hungary,3.5,Venezuela
1601,Szanto Tibor,2014,70%,Hungary,3.75,Cuba
1602,Szanto Tibor,2013,70%,Hungary,3.5,Madagascar
1603,Szanto Tibor,2013,70%,Hungary,3.5,Madagascar
1604,Szanto Tibor,2013,70%,Hungary,3.25,Nicaragua
1605,Szanto Tibor,2012,70%,Hungary,3.25,Dominican Republic
1606,Szanto Tibor,2012,70%,Hungary,3.25,Madagascar
1607,Szanto Tibor,2012,70%,Hungary,3.75,Peru
1608,Szanto Tibor,2011,70%,Hungary,3.0,Venezuela
1609,Tabal,2013,70%,U.S.A.,2.75,Costa Rica
1610,Tabal,2013,70%,U.S.A.,2.75,Dominican Republic
1611,Tabal,2013,70%,U.S.A.,2.5,Mexico
1612,Tabal,2013,70%,U.S.A.,3.0,Peru
1613,Tablette (aka Vanillabeans),2015,70%,Japan,3.0,Colombia
1614,Tablette (aka Vanillabeans),2015,62%,Japan,3.25,Papua New Guinea
1615,Tablette (aka Vanillabeans),2015,60%,Japan,3.25,Vietnam
1616,Tablette (aka Vanillabeans),2015,77%,Japan,2.75,Trinidad
1617,Tan Ban Skrati,2016,70%,Suriname,3.25,Suriname
1618,Taza,2014,68%,U.S.A.,3.0,Belize
1619,Taza,2011,87%,U.S.A.,3.25,Bolivia
1620,Taza,2009,75%,U.S.A.,2.75,Mexico
1621,Taza,2007,70%,U.S.A.,3.0,Dominican Republic
1622,TCHO,2016,62%,U.S.A.,2.0,West Africa
1623,TCHO,2012,99%,U.S.A.,3.25,"Peru, Ecuador"
1624,TCHO,2009,60%,U.S.A.,2.75, 
1625,TCHO,2009,68%,U.S.A.,3.0, 
1626,TCHO,2008,70%,U.S.A.,2.5,Ghana
1627,TCHO,2008,70%,U.S.A.,2.5,Peru
1628,TCHO,2008,70%,U.S.A.,2.75,Madagascar
1629,TCHO,2008,70%,U.S.A.,2.5,Peru
1630,Tejas,2012,70%,U.S.A.,2.75,Madagascar
1631,Tejas,2012,70%,U.S.A.,3.0,"Ecuador, Mad., PNG"
1632,Tejas,2012,70%,U.S.A.,3.0,Papua New Guinea
1633,Tejas,2012,70%,U.S.A.,3.5,Dominican Republic
1634,Tejas,2012,70%,U.S.A.,3.25,Ecuador
1635,Tejas,2012,70%,U.S.A.,2.0,Peru
1636,Tejas,2012,70%,U.S.A.,3.25,Ecuador
1637,Tejas,2012,70%,U.S.A.,2.75,Bolivia
1638,Tejas,2012,70%,U.S.A.,3.0,Madagascar
1639,Tejas,2012,70%,U.S.A.,3.25,Mexico
1640,Tejas,2012,70%,U.S.A.,2.75,Brazil
1641,Tejas,2012,80%,U.S.A.,3.0,Venezuela
1642,Tejas,2012,67%,U.S.A.,3.25,Bolivia
1643,Tejas,2012,70%,U.S.A.,3.5,Brazil
1644,Terroir,2015,70%,U.S.A.,2.75,Peru
1645,Terroir,2015,70%,U.S.A.,3.75,Belize
1646,Terroir,2015,70%,U.S.A.,3.75,Madagascar
1647,Terroir,2015,70%,U.S.A.,3.25,Ecuador
1648,Terroir,2015,70%,U.S.A.,3.5,Domincan Republic
1649,Terroir,2015,70%,U.S.A.,3.75,Guatemala
1650,Terroir,2014,77%,U.S.A.,3.25,Ecuador
1651,Terroir,2014,67%,U.S.A.,3.75,Madagascar
1652,Terroir,2014,73%,U.S.A.,3.75,Uganda
1653,The Barn,2015,70%,Sweden,3.0,Peru
1654,Theo,2012,65%,U.S.A.,3.25,Congo
1655,Theo,2007,65%,U.S.A.,3.5,Madagascar
1656,Theo,2007,75%,U.S.A.,2.5,Ivory Coast
1657,Theo,2007,84%,U.S.A.,3.0,Ghana
1658,Theo,2007,91%,U.S.A.,2.0,Venezuela
1659,Theo,2007,75%,U.S.A.,3.0,"Ghana, Panama, Ecuador"
1660,Theobroma,2015,70%,Japan,3.25,Peru
1661,Timo A. Meyer,2016,72%,Germany,3.75,Belize
1662,To'ak (Ecuatoriana),2014,81%,Ecuador,3.25,Ecuador
1663,Tobago Estate (Pralus),2012,70%,France,4.0,Tobago
1664,Tocoti,2012,77%,U.S.A.,3.0,Bolivia
1665,Tocoti,2011,72%,U.S.A.,2.75,Venezuela
1666,Tocoti,2011,74%,U.S.A.,3.0,Dominican Republic
1667,Treehouse,2014,72%,U.S.A.,3.0,Dominican Republic
1668,Tsara (Cinagra),2011,72%,Madagascar,3.5,Madagascar
1669,twenty-four blackbirds,2015,75%,U.S.A.,2.75,Domincan Republic
1670,twenty-four blackbirds,2015,75%,U.S.A.,3.5,Ecuador
1671,twenty-four blackbirds,2014,75%,U.S.A.,3.5,Madagascar
1672,twenty-four blackbirds,2013,68%,U.S.A.,3.25,Dominican Republic
1673,twenty-four blackbirds,2013,75%,U.S.A.,2.5,Bolivia
1674,twenty-four blackbirds,2011,73%,U.S.A.,2.75,Dominican Republic
1675,Two Ravens,2016,60%,U.S.A.,3.0,Peru
1676,Un Dimanche A Paris,2011,63%,France,3.75,Dominican Republic
1677,Undone,2014,74%,U.S.A.,2.75,Nicaragua
1678,Undone,2014,70%,U.S.A.,3.0,Dominican Republic
1679,Upchurch,2016,72%,U.S.A.,3.0,Madagascar
1680,Upchurch,2016,72%,U.S.A.,3.25,Tanzania
1681,Urzi,2014,65%,Italy,3.25,Venezuela
1682,Valrhona,2015,63%,France,4.0,Peru
1683,Valrhona,2013,70%,France,3.5, 
1684,Valrhona,2013,64%,France,3.5,Dominican Republic
1685,Valrhona,2012,69%,France,4.0,Venezuela
1686,Valrhona,2011,56%,France,3.25, 
1687,Valrhona,2011,64%,France,4.0,Venezuela
1688,Valrhona,2009,64%,France,3.75,Dominican Republic
1689,Valrhona,2009,66%,France,3.75,Ecuador
1690,Valrhona,2009,68%,France,3.5,Ghana
1691,Valrhona,2007,72%,France,3.0,"Venezuela, Carribean"
1692,Valrhona,2007,65%,France,3.75,Venezuela
1693,Valrhona,2007,64%,France,4.0,Madagascar
1694,Valrhona,2007,85%,France,1.5, 
1695,Valrhona,2007,85%,France,2.5,West Africa
1696,Valrhona,2007,71%,France,2.75,West Africa
1697,Valrhona,2007,64%,France,3.25,Venezuela
1698,Valrhona,2006,66%,France,3.0,Carribean
1699,Valrhona,2006,70%,France,4.0,South America
1700,Valrhona,2006,64%,France,2.5,Trinidad
1701,Valrhona,2006,64%,France,3.0,Venezuela
1702,Valrhona,2006,64%,France,3.5,Madagascar
1703,Vanleer (Barry Callebaut),2012,72%,U.S.A.,2.5,Ghana
1704,Vanleer (Barry Callebaut),2012,65%,U.S.A.,2.75,Ghana
1705,Vao Vao (Chocolaterie Robert),2009,72%,Madagascar,2.75,Madagascar
1706,Vao Vao (Chocolaterie Robert),2009,76%,Madagascar,2.75,Madagascar
1707,Vao Vao (Chocolaterie Robert),2009,80%,Madagascar,2.75,Madagascar
1708,Vao Vao (Chocolaterie Robert),2009,70%,Madagascar,3.0,Madagascar
1709,Vao Vao (Chocolaterie Robert),2009,68%,Madagascar,3.0,Madagascar
1710,Vao Vao (Chocolaterie Robert),2009,64%,Madagascar,3.25,Madagascar
1711,Vicuna,2015,70%,U.S.A.,3.25,Bolivia
1712,Vicuna,2015,70%,U.S.A.,3.25,Bolivia
1713,Videri,2014,90%,U.S.A.,3.25,Dominican Republic
1714,Videri,2014,75%,U.S.A.,3.5,Trinidad
1715,Videri,2014,75%,U.S.A.,3.5,Ecuador
1716,Videri,2013,90%,U.S.A.,3.75,Central and S. America
1717,Videri,2012,70%,U.S.A.,3.25,Central and S. America
1718,Vietcacao (A. Morin),2012,70%,France,3.5,Vietnam
1719,Vintage Plantations,2014,75%,U.S.A.,3.0,Peru
1720,Vintage Plantations (Tulicorp),2007,100%,U.S.A.,2.0,Ecuador
1721,Vintage Plantations (Tulicorp),2007,90%,U.S.A.,2.0,Ecuador
1722,Vintage Plantations (Tulicorp),2007,75%,U.S.A.,3.0,Ecuador
1723,Vintage Plantations (Tulicorp),2007,65%,U.S.A.,3.0,Ecuador
1724,Violet Sky,2015,77%,U.S.A.,2.75,Madagascar
1725,Violet Sky,2015,77%,U.S.A.,3.0,Belize
1726,Violet Sky,2015,77%,U.S.A.,3.0,Venezuela
1727,Violet Sky,2015,77%,U.S.A.,3.25,Peru
1728,Violet Sky,2015,77%,U.S.A.,2.75,Guatemala
1729,Vivra,2016,70%,U.S.A.,2.5,Peru
1730,Vivra,2016,70%,U.S.A.,2.5,Venezuela
1731,Vivra,2016,70%,U.S.A.,3.0,Domincan Republic
1732,Wellington Chocolate Factory,2016,70%,New Zealand,3.5,Dominican Republic
1733,Wellington Chocolate Factory,2016,70%,New Zealand,3.5,Peru
1734,Whittakers,2011,72%,New Zealand,2.5,Ghana
1735,Wilkie's Organic,2013,75%,Ireland,2.5,Peru
1736,Wilkie's Organic,2013,89%,Ireland,2.75,Peru
1737,Wilkie's Organic,2013,75%,Ireland,3.25,Peru
1738,Wilkie's Organic,2013,75%,Ireland,2.75,Peru
1739,Willie's Cacao,2016,70%,U.K.,4.0,Colombia
1740,Willie's Cacao,2014,88%,U.K.,3.0,Colombia
1741,Willie's Cacao,2013,100%,U.K.,2.25,Indonesia
1742,Willie's Cacao,2010,71%,U.K.,3.0,Madagascar
1743,Willie's Cacao,2010,72%,U.K.,3.5,Venezuela
1744,Willie's Cacao,2010,69%,U.K.,3.75,Indonesia
1745,Willie's Cacao,2009,70%,U.K.,3.0,Peru
1746,Willie's Cacao,2009,72%,U.K.,3.25,Venezuela
1747,Wm,2016,74%,U.S.A.,3.0,Venezuela
1748,Wm,2016,76%,U.S.A.,3.5,Bolivia
1749,Wm,2016,75%,U.S.A.,3.75,Ghana
1750,Woodblock,2014,70%,U.S.A.,3.0,Peru
1751,Woodblock,2013,70%,U.S.A.,3.25,Ecuador
1752,Woodblock,2013,70%,U.S.A.,3.5,Trinidad
1753,Woodblock,2012,70%,U.S.A.,2.5,Ecuador
1754,Woodblock,2012,70%,U.S.A.,3.0,Costa Rica
1755,Woodblock,2012,70%,U.S.A.,3.25,Madagascar
1756,Woodblock,2011,70%,U.S.A.,4.0,Venezuela
1757,Woodblock,2011,70%,U.S.A.,3.5,Dominican Republic
1758,Xocolat,2013,66%,Domincan Republic,3.0,Dominican Republic
1759,Xocolla,2017,70%,U.S.A.,2.75,Madagascar
1760,Xocolla,2017,70%,U.S.A.,2.5,Dominican Republic
1761,Zak's,2015,70%,U.S.A.,3.0,Papua New Guinea
1762,Zak's,2015,70%,U.S.A.,3.25,Domincan Republic
1763,Zak's,2015,70%,U.S.A.,3.25,Madagascar
1764,Zak's,2015,70%,U.S.A.,3.25,Peru
1765,Zak's,2015,70%,U.S.A.,3.5,Belize
1766,Zak's,2015,60%,U.S.A.,3.0, 
1767,Zart Pralinen,2016,70%,Austria,3.5,Madagascar
1768,Zart Pralinen,2016,70%,Austria,2.75,Ecuador
1769,Zart Pralinen,2016,85%,Austria,2.75,Trinidad
1770,Zart Pralinen,2016,85%,Austria,3.0,Tanzania
1771,Zart Pralinen,2016,70%,Austria,3.5,Tanzania
1772,Zart Pralinen,2016,78%,Austria,3.5,Trinidad
1773,Zokoko,2016,78%,Australia,3.75,Solomon Islands
1774,Zokoko,2016,65%,Australia,3.25, 
1775,Zokoko,2011,68%,Australia,3.5,Bolivia
1776,Zokoko,2011,66%,Australia,3.5,Papua New Guinea
1777,Zokoko,2011,72%,Australia,3.75,Bolivia
1778,Zotter,2014,80%,Austria,2.75, 
1779,Zotter,2012,72%,Austria,3.5,Panama
1780,Zotter,2012,65%,Austria,3.5, 
1781,Zotter,2012,70%,Austria,3.0,Peru
1782,Zotter,2012,70%,Austria,3.5,Peru
1783,Zotter,2012,62%,Austria,3.75,Dominican Republic
1784,Zotter,2012,75%,Austria,3.0,Ecuador
1785,Zotter,2012,75%,Austria,3.0,Papua New Guinea
1786,Zotter,2012,90%,Austria,3.25,Bolivia
1787,Zotter,2012,70%,Austria,3.75,Dominican Republic
1788,Zotter,2012,68%,Austria,3.25,Congo
1789,Zotter,2012,58%,Austria,3.5, 
1790,Zotter,2011,70%,Austria,3.75,Peru
1791,Zotter,2011,65%,Austria,3.0,Congo
1792,Zotter,2011,65%,Austria,3.5,India
1793,Zotter,2011,62%,Austria,3.25,India
1794,Zotter,2010,65%,Austria,3.0,Brazil
